Cell,Tissue,Morphology,Cell Type,Mark,Rep,Stimulus,Label,Project,Bigwig,Bam
F36P,Bone Marrow,Non-lymphoid,Unknown,H3K27ac,BR1,Baseline,F36P_BR1_Baseline,1,/GWD/bioinfo/projects/RD-Epigenetics-NetworkData/otar_020/GSK/chip-seq/project_1/bigwig_with_align2rawsignal/F36P_hist_BR1_H3K27ac_TR1_edited.bw,/GWD/bioinfo/projects/RD-Epigenetics-NetworkData/otar_020/GSK/chip-seq/project_1/bam/F36P-hist-BR1_H3K27ac_TR1.bam
F36P,Bone Marrow,Non-lymphoid,Unknown,H3K27ac,BR1,Baseline,F36P_BR1_Baseline,1,/GWD/bioinfo/projects/RD-Epigenetics-NetworkData/otar_020/GSK/chip-seq/project_1/bigwig_with_align2rawsignal/F36P_hist_BR1_H3K27ac_TR2_edited.bw,/GWD/bioinfo/projects/RD-Epigenetics-NetworkData/otar_020/GSK/chip-seq/project_1/bam/F36P-hist-BR1_H3K27ac_TR2.bam
F36P,Bone Marrow,Non-lymphoid,Unknown,H3K27me3,BR1,Baseline,F36P_BR1_Baseline,1,/GWD/bioinfo/projects/RD-Epigenetics-NetworkData/otar_020/GSK/chip-seq/project_1/bigwig_with_align2rawsignal/F36P_hist_BR1_H3K27me3_TR1_edited.bw,/GWD/bioinfo/projects/RD-Epigenetics-NetworkData/otar_020/GSK/chip-seq/project_1/bam/F36P-hist-BR1_H3K27me3_TR1.bam
F36P,Bone Marrow,Non-lymphoid,Unknown,H3K4me3,BR1,Baseline,F36P_BR1_Baseline,1,/GWD/bioinfo/projects/RD-Epigenetics-NetworkData/otar_020/GSK/chip-seq/project_1/bigwig_with_align2rawsignal/F36P_hist_BR1_H3K4me3_TR1_edited.bw,/GWD/bioinfo/projects/RD-Epigenetics-NetworkData/otar_020/GSK/chip-seq/project_1/bam/F36P-hist-BR1_H3K4me3_TR1.bam
F36P,Bone Marrow,Non-lymphoid,Unknown,H3K4me3,BR1,Baseline,F36P_BR1_Baseline,1,/GWD/bioinfo/projects/RD-Epigenetics-NetworkData/otar_020/GSK/chip-seq/project_1/bigwig_with_align2rawsignal/F36P_hist_BR1_H3K4me3_TR2_edited.bw,/GWD/bioinfo/projects/RD-Epigenetics-NetworkData/otar_020/GSK/chip-seq/project_1/bam/F36P-hist-BR1_H3K4me3_TR2.bam
F36P,Bone Marrow,Non-lymphoid,Unknown,H3K27ac,BR2,Baseline,F36P_BR2_Baseline,1,/GWD/bioinfo/projects/RD-Epigenetics-NetworkData/otar_020/GSK/chip-seq/project_1/bigwig_with_align2rawsignal/F36P_hist_BR2_H3K27ac_TR1_edited.bw,/GWD/bioinfo/projects/RD-Epigenetics-NetworkData/otar_020/GSK/chip-seq/project_1/bam/F36P-hist-BR2_H3K27ac_TR1.bam
F36P,Bone Marrow,Non-lymphoid,Unknown,H3K27me3,BR2,Baseline,F36P_BR2_Baseline,1,/GWD/bioinfo/projects/RD-Epigenetics-NetworkData/otar_020/GSK/chip-seq/project_1/bigwig_with_align2rawsignal/F36P_hist_BR2_H3K27me3_TR1_edited.bw,/GWD/bioinfo/projects/RD-Epigenetics-NetworkData/otar_020/GSK/chip-seq/project_1/bam/F36P-hist-BR2_H3K27me3_TR1.bam
F36P,Bone Marrow,Non-lymphoid,Unknown,H3K4me3,BR2,Baseline,F36P_BR2_Baseline,1,/GWD/bioinfo/projects/RD-Epigenetics-NetworkData/otar_020/GSK/chip-seq/project_1/bigwig_with_align2rawsignal/F36P_hist_BR2_H3K4me3_TR1_edited.bw,/GWD/bioinfo/projects/RD-Epigenetics-NetworkData/otar_020/GSK/chip-seq/project_1/bam/F36P-hist-BR2_H3K4me3_TR1.bam
F36P,Bone Marrow,Non-lymphoid,Unknown,CTCF,BR1,Baseline,F36P_BR1_Baseline,1,/GWD/bioinfo/projects/RD-Epigenetics-NetworkData/otar_020/GSK/chip-seq/project_1/bigwig_with_align2rawsignal/F36P_TF_BR1_CTCF_TR1_edited.bw,/GWD/bioinfo/projects/RD-Epigenetics-NetworkData/otar_020/GSK/chip-seq/project_1/bam/F36P-TF-BR1_CTCF_TR1.bam
F36P,Bone Marrow,Non-lymphoid,Unknown,CTCF,BR1,Baseline,F36P_BR1_Baseline,1,/GWD/bioinfo/projects/RD-Epigenetics-NetworkData/otar_020/GSK/chip-seq/project_1/bigwig_with_align2rawsignal/F36P_TF_BR1_CTCF_TR2_edited.bw,/GWD/bioinfo/projects/RD-Epigenetics-NetworkData/otar_020/GSK/chip-seq/project_1/bam/F36P-TF-BR1_CTCF_TR2.bam
F36P,Bone Marrow,Non-lymphoid,Unknown,CTCF,BR2,Baseline,F36P_BR2_Baseline,1,/GWD/bioinfo/projects/RD-Epigenetics-NetworkData/otar_020/GSK/chip-seq/project_1/bigwig_with_align2rawsignal/F36P_TF_BR2_CTCF_TR1_edited.bw,/GWD/bioinfo/projects/RD-Epigenetics-NetworkData/otar_020/GSK/chip-seq/project_1/bam/F36P-TF-BR2_CTCF_TR1.bam
HEL9217,Bone Marrow,lymphoblast,erythroblast,H3K27ac,BR1,Baseline,HEL9217_BR1_Baseline,1,/GWD/bioinfo/projects/RD-Epigenetics-NetworkData/otar_020/GSK/chip-seq/project_1/bigwig_with_align2rawsignal/HEL9217_hist_BR1_H3K27ac_TR1_edited.bw,/GWD/bioinfo/projects/RD-Epigenetics-NetworkData/otar_020/GSK/chip-seq/project_1/bam/HEL9217-hist-BR1_H3K27ac_TR1.bam
HEL9217,Bone Marrow,lymphoblast,erythroblast,H3K27me3,BR1,Baseline,HEL9217_BR1_Baseline,1,/GWD/bioinfo/projects/RD-Epigenetics-NetworkData/otar_020/GSK/chip-seq/project_1/bigwig_with_align2rawsignal/HEL9217_hist_BR1_H3K27me3_TR1_edited.bw,/GWD/bioinfo/projects/RD-Epigenetics-NetworkData/otar_020/GSK/chip-seq/project_1/bam/HEL9217-hist-BR1_H3K27me3_TR1.bam
HEL9217,Bone Marrow,lymphoblast,erythroblast,H3K4me3,BR1,Baseline,HEL9217_BR1_Baseline,1,/GWD/bioinfo/projects/RD-Epigenetics-NetworkData/otar_020/GSK/chip-seq/project_1/bigwig_with_align2rawsignal/HEL9217_hist_BR1_H3K4me3_TR1_edited.bw,/GWD/bioinfo/projects/RD-Epigenetics-NetworkData/otar_020/GSK/chip-seq/project_1/bam/HEL9217-hist-BR1_H3K4me3_TR1.bam
HEL9217,Bone Marrow,lymphoblast,erythroblast,H3K27ac,BR2,Baseline,HEL9217_BR2_Baseline,1,/GWD/bioinfo/projects/RD-Epigenetics-NetworkData/otar_020/GSK/chip-seq/project_1/bigwig_with_align2rawsignal/HEL9217_hist_BR2_H3K27ac_TR1_edited.bw,/GWD/bioinfo/projects/RD-Epigenetics-NetworkData/otar_020/GSK/chip-seq/project_1/bam/HEL9217-hist-BR2_H3K27ac_TR1.bam
HEL9217,Bone Marrow,lymphoblast,erythroblast,H3K27me3,BR2,Baseline,HEL9217_BR2_Baseline,1,/GWD/bioinfo/projects/RD-Epigenetics-NetworkData/otar_020/GSK/chip-seq/project_1/bigwig_with_align2rawsignal/HEL9217_hist_BR2_H3K27me3_TR1_edited.bw,/GWD/bioinfo/projects/RD-Epigenetics-NetworkData/otar_020/GSK/chip-seq/project_1/bam/HEL9217-hist-BR2_H3K27me3_TR1.bam
HEL9217,Bone Marrow,lymphoblast,erythroblast,H3K4me3,BR2,Baseline,HEL9217_BR2_Baseline,1,/GWD/bioinfo/projects/RD-Epigenetics-NetworkData/otar_020/GSK/chip-seq/project_1/bigwig_with_align2rawsignal/HEL9217_hist_BR2_H3K4me3_TR1_edited.bw,/GWD/bioinfo/projects/RD-Epigenetics-NetworkData/otar_020/GSK/chip-seq/project_1/bam/HEL9217-hist-BR2_H3K4me3_TR1.bam
HEL9217,Bone Marrow,lymphoblast,erythroblast,CTCF,BR1,Baseline,HEL9217_BR1_Baseline,1,/GWD/bioinfo/projects/RD-Epigenetics-NetworkData/otar_020/GSK/chip-seq/project_1/bigwig_with_align2rawsignal/HEL9217_TF_BR1_CTCF_TR1_edited.bw,/GWD/bioinfo/projects/RD-Epigenetics-NetworkData/otar_020/GSK/chip-seq/project_1/bam/HEL9217-TF-BR1_CTCF_TR1.bam
HEL9217,Bone Marrow,lymphoblast,erythroblast,CTCF,BR2,Baseline,HEL9217_BR2_Baseline,1,/GWD/bioinfo/projects/RD-Epigenetics-NetworkData/otar_020/GSK/chip-seq/project_1/bigwig_with_align2rawsignal/HEL9217_TF_BR2_CTCF_TR1_edited.bw,/GWD/bioinfo/projects/RD-Epigenetics-NetworkData/otar_020/GSK/chip-seq/project_1/bam/HEL9217-TF-BR2_CTCF_TR1.bam
K562,Bone Marrow,lymphoblast,Unknown,H3K27ac,BR1,Baseline,K562_BR1_Baseline,1,/GWD/bioinfo/projects/RD-Epigenetics-NetworkData/otar_020/GSK/chip-seq/project_1/bigwig_with_align2rawsignal/K562_hist_BR1_H3K27ac_TR1_edited.bw,/GWD/bioinfo/projects/RD-Epigenetics-NetworkData/otar_020/GSK/chip-seq/project_1/bam/K562-hist-BR1_H3K27ac_TR1.bam
K562,Bone Marrow,lymphoblast,Unknown,H3K27ac,BR1,Baseline,K562_BR1_Baseline,1,/GWD/bioinfo/projects/RD-Epigenetics-NetworkData/otar_020/GSK/chip-seq/project_1/bigwig_with_align2rawsignal/K562_hist_BR1_H3K27ac_TR2_edited.bw,/GWD/bioinfo/projects/RD-Epigenetics-NetworkData/otar_020/GSK/chip-seq/project_1/bam/K562-hist-BR1_H3K27ac_TR2.bam
K562,Bone Marrow,lymphoblast,Unknown,H3K27me3,BR1,Baseline,K562_BR1_Baseline,1,/GWD/bioinfo/projects/RD-Epigenetics-NetworkData/otar_020/GSK/chip-seq/project_1/bigwig_with_align2rawsignal/K562_hist_BR1_H3K27me3_TR1_edited.bw,/GWD/bioinfo/projects/RD-Epigenetics-NetworkData/otar_020/GSK/chip-seq/project_1/bam/K562-hist-BR1_H3K27me3_TR1.bam
K562,Bone Marrow,lymphoblast,Unknown,H3K4me3,BR1,Baseline,K562_BR1_Baseline,1,/GWD/bioinfo/projects/RD-Epigenetics-NetworkData/otar_020/GSK/chip-seq/project_1/bigwig_with_align2rawsignal/K562_hist_BR1_H3K4me3_TR1_edited.bw,/GWD/bioinfo/projects/RD-Epigenetics-NetworkData/otar_020/GSK/chip-seq/project_1/bam/K562-hist-BR1_H3K4me3_TR1.bam
K562,Bone Marrow,lymphoblast,Unknown,H3K4me3,BR1,Baseline,K562_BR1_Baseline,1,/GWD/bioinfo/projects/RD-Epigenetics-NetworkData/otar_020/GSK/chip-seq/project_1/bigwig_with_align2rawsignal/K562_hist_BR1_H3K4me3_TR2_edited.bw,/GWD/bioinfo/projects/RD-Epigenetics-NetworkData/otar_020/GSK/chip-seq/project_1/bam/K562-hist-BR1_H3K4me3_TR2.bam
K562,Bone Marrow,lymphoblast,Unknown,H3K27ac,BR2,Baseline,K562_BR2_Baseline,1,/GWD/bioinfo/projects/RD-Epigenetics-NetworkData/otar_020/GSK/chip-seq/project_1/bigwig_with_align2rawsignal/K562_hist_BR2_H3K27ac_TR1_edited.bw,/GWD/bioinfo/projects/RD-Epigenetics-NetworkData/otar_020/GSK/chip-seq/project_1/bam/K562-hist-BR2_H3K27ac_TR1.bam
K562,Bone Marrow,lymphoblast,Unknown,H3K27me3,BR2,Baseline,K562_BR2_Baseline,1,/GWD/bioinfo/projects/RD-Epigenetics-NetworkData/otar_020/GSK/chip-seq/project_1/bigwig_with_align2rawsignal/K562_hist_BR2_H3K27me3_TR1_edited.bw,/GWD/bioinfo/projects/RD-Epigenetics-NetworkData/otar_020/GSK/chip-seq/project_1/bam/K562-hist-BR2_H3K27me3_TR1.bam
K562,Bone Marrow,lymphoblast,Unknown,H3K4me3,BR2,Baseline,K562_BR2_Baseline,1,/GWD/bioinfo/projects/RD-Epigenetics-NetworkData/otar_020/GSK/chip-seq/project_1/bigwig_with_align2rawsignal/K562_hist_BR2_H3K4me3_TR1_edited.bw,/GWD/bioinfo/projects/RD-Epigenetics-NetworkData/otar_020/GSK/chip-seq/project_1/bam/K562-hist-BR2_H3K4me3_TR1.bam
K562,Bone Marrow,lymphoblast,Unknown,CTCF,BR1,Baseline,K562_BR1_Baseline,1,/GWD/bioinfo/projects/RD-Epigenetics-NetworkData/otar_020/GSK/chip-seq/project_1/bigwig_with_align2rawsignal/K562_TF_BR1_CTCF_TR1_edited.bw,/GWD/bioinfo/projects/RD-Epigenetics-NetworkData/otar_020/GSK/chip-seq/project_1/bam/K562-TF-BR1_CTCF_TR1.bam
K562,Bone Marrow,lymphoblast,Unknown,CTCF,BR1,Baseline,K562_BR1_Baseline,1,/GWD/bioinfo/projects/RD-Epigenetics-NetworkData/otar_020/GSK/chip-seq/project_1/bigwig_with_align2rawsignal/K562_TF_BR1_CTCF_TR2_edited.bw,/GWD/bioinfo/projects/RD-Epigenetics-NetworkData/otar_020/GSK/chip-seq/project_1/bam/K562-TF-BR1_CTCF_TR2.bam
K562,Bone Marrow,lymphoblast,Unknown,CTCF,BR2,Baseline,K562_BR2_Baseline,1,/GWD/bioinfo/projects/RD-Epigenetics-NetworkData/otar_020/GSK/chip-seq/project_1/bigwig_with_align2rawsignal/K562_TF_BR2_CTCF_TR1_edited.bw,/GWD/bioinfo/projects/RD-Epigenetics-NetworkData/otar_020/GSK/chip-seq/project_1/bam/K562-TF-BR2_CTCF_TR1.bam
K562,Bone Marrow,lymphoblast,Unknown,CTCF,BR2,Baseline,K562_BR2_Baseline,1,/GWD/bioinfo/projects/RD-Epigenetics-NetworkData/otar_020/GSK/chip-seq/project_1/bigwig_with_align2rawsignal/K562_TF_BR2_CTCF_TR2_edited.bw,/GWD/bioinfo/projects/RD-Epigenetics-NetworkData/otar_020/GSK/chip-seq/project_1/bam/K562-TF-BR2_CTCF_TR2.bam
KU812,Venous Blood,myeloblast,Unknown,H3K27ac,BR1,Baseline,KU812_BR1_Baseline,1,/GWD/bioinfo/projects/RD-Epigenetics-NetworkData/otar_020/GSK/chip-seq/project_1/bigwig_with_align2rawsignal/KU812_hist_BR1_H3K27ac_TR1_edited.bw,/GWD/bioinfo/projects/RD-Epigenetics-NetworkData/otar_020/GSK/chip-seq/project_1/bam/KU812-hist-BR1_H3K27ac_TR1.bam
KU812,Venous Blood,myeloblast,Unknown,H3K27ac,BR1,Baseline,KU812_BR1_Baseline,1,/GWD/bioinfo/projects/RD-Epigenetics-NetworkData/otar_020/GSK/chip-seq/project_1/bigwig_with_align2rawsignal/KU812_hist_BR1_H3K27ac_TR2_edited.bw,/GWD/bioinfo/projects/RD-Epigenetics-NetworkData/otar_020/GSK/chip-seq/project_1/bam/KU812-hist-BR1_H3K27ac_TR2.bam
KU812,Venous Blood,myeloblast,Unknown,H3K27me3,BR1,Baseline,KU812_BR1_Baseline,1,/GWD/bioinfo/projects/RD-Epigenetics-NetworkData/otar_020/GSK/chip-seq/project_1/bigwig_with_align2rawsignal/KU812_hist_BR1_H3K27me3_TR1_edited.bw,/GWD/bioinfo/projects/RD-Epigenetics-NetworkData/otar_020/GSK/chip-seq/project_1/bam/KU812-hist-BR1_H3K27me3_TR1.bam
KU812,Venous Blood,myeloblast,Unknown,H3K4me3,BR1,Baseline,KU812_BR1_Baseline,1,/GWD/bioinfo/projects/RD-Epigenetics-NetworkData/otar_020/GSK/chip-seq/project_1/bigwig_with_align2rawsignal/KU812_hist_BR1_H3K4me3_TR1_edited.bw,/GWD/bioinfo/projects/RD-Epigenetics-NetworkData/otar_020/GSK/chip-seq/project_1/bam/KU812-hist-BR1_H3K4me3_TR1.bam
KU812,Venous Blood,myeloblast,Unknown,H3K4me3,BR1,Baseline,KU812_BR1_Baseline,1,/GWD/bioinfo/projects/RD-Epigenetics-NetworkData/otar_020/GSK/chip-seq/project_1/bigwig_with_align2rawsignal/KU812_hist_BR1_H3K4me3_TR2_edited.bw,/GWD/bioinfo/projects/RD-Epigenetics-NetworkData/otar_020/GSK/chip-seq/project_1/bam/KU812-hist-BR1_H3K4me3_TR2.bam
KU812,Venous Blood,myeloblast,Unknown,H3K27ac,BR2,Baseline,KU812_BR2_Baseline,1,/GWD/bioinfo/projects/RD-Epigenetics-NetworkData/otar_020/GSK/chip-seq/project_1/bigwig_with_align2rawsignal/KU812_hist_BR2_H3K27ac_TR1_edited.bw,/GWD/bioinfo/projects/RD-Epigenetics-NetworkData/otar_020/GSK/chip-seq/project_1/bam/KU812-hist-BR2_H3K27ac_TR1.bam
KU812,Venous Blood,myeloblast,Unknown,H3K27me3,BR2,Baseline,KU812_BR2_Baseline,1,/GWD/bioinfo/projects/RD-Epigenetics-NetworkData/otar_020/GSK/chip-seq/project_1/bigwig_with_align2rawsignal/KU812_hist_BR2_H3K27me3_TR1_edited.bw,/GWD/bioinfo/projects/RD-Epigenetics-NetworkData/otar_020/GSK/chip-seq/project_1/bam/KU812-hist-BR2_H3K27me3_TR1.bam
KU812,Venous Blood,myeloblast,Unknown,H3K4me3,BR2,Baseline,KU812_BR2_Baseline,1,/GWD/bioinfo/projects/RD-Epigenetics-NetworkData/otar_020/GSK/chip-seq/project_1/bigwig_with_align2rawsignal/KU812_hist_BR2_H3K4me3_TR1_edited.bw,/GWD/bioinfo/projects/RD-Epigenetics-NetworkData/otar_020/GSK/chip-seq/project_1/bam/KU812-hist-BR2_H3K4me3_TR1.bam
KU812,Venous Blood,myeloblast,Unknown,CTCF,BR1,Baseline,KU812_BR1_Baseline,1,/GWD/bioinfo/projects/RD-Epigenetics-NetworkData/otar_020/GSK/chip-seq/project_1/bigwig_with_align2rawsignal/KU812_TF_BR1_CTCF_TR1_edited.bw,/GWD/bioinfo/projects/RD-Epigenetics-NetworkData/otar_020/GSK/chip-seq/project_1/bam/KU812-TF-BR1_CTCF_TR1.bam
KU812,Venous Blood,myeloblast,Unknown,CTCF,BR1,Baseline,KU812_BR1_Baseline,1,/GWD/bioinfo/projects/RD-Epigenetics-NetworkData/otar_020/GSK/chip-seq/project_1/bigwig_with_align2rawsignal/KU812_TF_BR1_CTCF_TR2_edited.bw,/GWD/bioinfo/projects/RD-Epigenetics-NetworkData/otar_020/GSK/chip-seq/project_1/bam/KU812-TF-BR1_CTCF_TR2.bam
KU812,Venous Blood,myeloblast,Unknown,CTCF,BR2,Baseline,KU812_BR2_Baseline,1,/GWD/bioinfo/projects/RD-Epigenetics-NetworkData/otar_020/GSK/chip-seq/project_1/bigwig_with_align2rawsignal/KU812_TF_BR2_CTCF_TR1_edited.bw,/GWD/bioinfo/projects/RD-Epigenetics-NetworkData/otar_020/GSK/chip-seq/project_1/bam/KU812-TF-BR2_CTCF_TR1.bam
MEG01,Bone Marrow,lymphoblast,megakaryoblast,H3K27ac,BR1,Baseline,MEG01_BR1_Baseline,1,/GWD/bioinfo/projects/RD-Epigenetics-NetworkData/otar_020/GSK/chip-seq/project_1/bigwig_with_align2rawsignal/MEG01_hist_BR1_H3K27ac_TR1_edited.bw,/GWD/bioinfo/projects/RD-Epigenetics-NetworkData/otar_020/GSK/chip-seq/project_1/bam/MEG01-hist-BR1_H3K27ac_TR1.bam
MEG01,Bone Marrow,lymphoblast,megakaryoblast,H3K27me3,BR1,Baseline,MEG01_BR1_Baseline,1,/GWD/bioinfo/projects/RD-Epigenetics-NetworkData/otar_020/GSK/chip-seq/project_1/bigwig_with_align2rawsignal/MEG01_hist_BR1_H3K27me3_TR1_edited.bw,/GWD/bioinfo/projects/RD-Epigenetics-NetworkData/otar_020/GSK/chip-seq/project_1/bam/MEG01-hist-BR1_H3K27me3_TR1.bam
MEG01,Bone Marrow,lymphoblast,megakaryoblast,H3K4me3,BR1,Baseline,MEG01_BR1_Baseline,1,/GWD/bioinfo/projects/RD-Epigenetics-NetworkData/otar_020/GSK/chip-seq/project_1/bigwig_with_align2rawsignal/MEG01_hist_BR1_H3K4me3_TR1_edited.bw,/GWD/bioinfo/projects/RD-Epigenetics-NetworkData/otar_020/GSK/chip-seq/project_1/bam/MEG01-hist-BR1_H3K4me3_TR1.bam
MEG01,Bone Marrow,lymphoblast,megakaryoblast,H3K27ac,BR2,Baseline,MEG01_BR2_Baseline,1,/GWD/bioinfo/projects/RD-Epigenetics-NetworkData/otar_020/GSK/chip-seq/project_1/bigwig_with_align2rawsignal/MEG01_hist_BR2_H3K27ac_TR1_edited.bw,/GWD/bioinfo/projects/RD-Epigenetics-NetworkData/otar_020/GSK/chip-seq/project_1/bam/MEG01-hist-BR2_H3K27ac_TR1.bam
MEG01,Bone Marrow,lymphoblast,megakaryoblast,H3K27me3,BR2,Baseline,MEG01_BR2_Baseline,1,/GWD/bioinfo/projects/RD-Epigenetics-NetworkData/otar_020/GSK/chip-seq/project_1/bigwig_with_align2rawsignal/MEG01_hist_BR2_H3K27me3_TR1_edited.bw,/GWD/bioinfo/projects/RD-Epigenetics-NetworkData/otar_020/GSK/chip-seq/project_1/bam/MEG01-hist-BR2_H3K27me3_TR1.bam
MEG01,Bone Marrow,lymphoblast,megakaryoblast,H3K4me3,BR2,Baseline,MEG01_BR2_Baseline,1,/GWD/bioinfo/projects/RD-Epigenetics-NetworkData/otar_020/GSK/chip-seq/project_1/bigwig_with_align2rawsignal/MEG01_hist_BR2_H3K4me3_TR1_edited.bw,/GWD/bioinfo/projects/RD-Epigenetics-NetworkData/otar_020/GSK/chip-seq/project_1/bam/MEG01-hist-BR2_H3K4me3_TR1.bam
MEG01,Bone Marrow,lymphoblast,megakaryoblast,CTCF,BR1,Baseline,MEG01_BR1_Baseline,1,/GWD/bioinfo/projects/RD-Epigenetics-NetworkData/otar_020/GSK/chip-seq/project_1/bigwig_with_align2rawsignal/MEG01_TF_BR1_CTCF_TR1_edited.bw,/GWD/bioinfo/projects/RD-Epigenetics-NetworkData/otar_020/GSK/chip-seq/project_1/bam/MEG01-TF-BR1_CTCF_TR1.bam
MEG01,Bone Marrow,lymphoblast,megakaryoblast,CTCF,BR2,Baseline,MEG01_BR2_Baseline,1,/GWD/bioinfo/projects/RD-Epigenetics-NetworkData/otar_020/GSK/chip-seq/project_1/bigwig_with_align2rawsignal/MEG01_TF_BR2_CTCF_TR1_edited.bw,/GWD/bioinfo/projects/RD-Epigenetics-NetworkData/otar_020/GSK/chip-seq/project_1/bam/MEG01-TF-BR2_CTCF_TR1.bam
UT7,Bone Marrow,Unknown,Unknown,H3K27ac,BR1,Baseline,UT7_BR1_Baseline,1,/GWD/bioinfo/projects/RD-Epigenetics-NetworkData/otar_020/GSK/chip-seq/project_1/bigwig_with_align2rawsignal/UT7_hist_BR1_H3K27ac_TR1_edited.bw,/GWD/bioinfo/projects/RD-Epigenetics-NetworkData/otar_020/GSK/chip-seq/project_1/bam/UT7-hist-BR1_H3K27ac_TR1.bam
UT7,Bone Marrow,Unknown,Unknown,H3K27me3,BR1,Baseline,UT7_BR1_Baseline,1,/GWD/bioinfo/projects/RD-Epigenetics-NetworkData/otar_020/GSK/chip-seq/project_1/bigwig_with_align2rawsignal/UT7_hist_BR1_H3K27me3_TR1_edited.bw,/GWD/bioinfo/projects/RD-Epigenetics-NetworkData/otar_020/GSK/chip-seq/project_1/bam/UT7-hist-BR1_H3K27me3_TR1.bam
UT7,Bone Marrow,Unknown,Unknown,H3K4me3,BR1,Baseline,UT7_BR1_Baseline,1,/GWD/bioinfo/projects/RD-Epigenetics-NetworkData/otar_020/GSK/chip-seq/project_1/bigwig_with_align2rawsignal/UT7_hist_BR1_H3K4me3_TR1_edited.bw,/GWD/bioinfo/projects/RD-Epigenetics-NetworkData/otar_020/GSK/chip-seq/project_1/bam/UT7-hist-BR1_H3K4me3_TR1.bam
UT7,Bone Marrow,Unknown,Unknown,H3K27ac,BR2,Baseline,UT7_BR2_Baseline,1,/GWD/bioinfo/projects/RD-Epigenetics-NetworkData/otar_020/GSK/chip-seq/project_1/bigwig_with_align2rawsignal/UT7_hist_BR2_H3K27ac_TR1_edited.bw,/GWD/bioinfo/projects/RD-Epigenetics-NetworkData/otar_020/GSK/chip-seq/project_1/bam/UT7-hist-BR2_H3K27ac_TR1.bam
UT7,Bone Marrow,Unknown,Unknown,H3K27me3,BR2,Baseline,UT7_BR2_Baseline,1,/GWD/bioinfo/projects/RD-Epigenetics-NetworkData/otar_020/GSK/chip-seq/project_1/bigwig_with_align2rawsignal/UT7_hist_BR2_H3K27me3_TR1_edited.bw,/GWD/bioinfo/projects/RD-Epigenetics-NetworkData/otar_020/GSK/chip-seq/project_1/bam/UT7-hist-BR2_H3K27me3_TR1.bam
UT7,Bone Marrow,Unknown,Unknown,H3K4me3,BR2,Baseline,UT7_BR2_Baseline,1,/GWD/bioinfo/projects/RD-Epigenetics-NetworkData/otar_020/GSK/chip-seq/project_1/bigwig_with_align2rawsignal/UT7_hist_BR2_H3K4me3_TR1_edited.bw,/GWD/bioinfo/projects/RD-Epigenetics-NetworkData/otar_020/GSK/chip-seq/project_1/bam/UT7-hist-BR2_H3K4me3_TR1.bam
UT7,Bone Marrow,Unknown,Unknown,CTCF,BR1,Baseline,UT7_BR1_Baseline,1,/GWD/bioinfo/projects/RD-Epigenetics-NetworkData/otar_020/GSK/chip-seq/project_1/bigwig_with_align2rawsignal/UT7_TF_BR1_CTCF_TR1_edited.bw,/GWD/bioinfo/projects/RD-Epigenetics-NetworkData/otar_020/GSK/chip-seq/project_1/bam/UT7-TF-BR1_CTCF_TR1.bam
UT7,Bone Marrow,Unknown,Unknown,CTCF,BR2,Baseline,UT7_BR2_Baseline,1,/GWD/bioinfo/projects/RD-Epigenetics-NetworkData/otar_020/GSK/chip-seq/project_1/bigwig_with_align2rawsignal/UT7_TF_BR2_CTCF_TR1_edited.bw,/GWD/bioinfo/projects/RD-Epigenetics-NetworkData/otar_020/GSK/chip-seq/project_1/bam/UT7-TF-BR2_CTCF_TR1.bam
A549,lung,epithelial-like,epithelial,CTCF,BR1,Baseline,A549_BR1_Baseline,3,/GWD/bioinfo/projects/RD-Epigenetics-NetworkData/otar_020/GSK/chip-seq/project_3/bigwig/A549_CTCF_ChIP-Seq_P3Lungepitheliacelltypes89_CTCF_P3Lungepitheliacelltypes89_bwa_samse_BR1TR1_edited.bw,NA
A549,lung,epithelial-like,epithelial,CTCF,BR2,Baseline,A549_BR2_Baseline,3,/GWD/bioinfo/projects/RD-Epigenetics-NetworkData/otar_020/GSK/chip-seq/project_3/bigwig/A549_CTCF_ChIP-Seq_P3Lungepitheliacelltypes89_CTCF_P3Lungepitheliacelltypes89_bwa_samse_BR2TR1_edited.bw,NA
A549,lung,epithelial-like,epithelial,H3K27ac,BR1,Baseline,A549_BR1_Baseline,3,/GWD/bioinfo/projects/RD-Epigenetics-NetworkData/otar_020/GSK/chip-seq/project_3/bigwig/A549_H3K27ac_ChIP-Seq_P3Lungepitheliacelltypes89_H3K27ac_P3Lungepitheliacelltypes89_bwa_samse_BR1TR1_edited.bw,/GWD/bioinfo/projects/RD-Epigenetics-NetworkData/otar_020/GSK/chip-seq/project_3/bam/A549_H3K27ac_ChIP-Seq_3974_bwa_samse_HS32_18418:3_edited_BR1.bam
A549,lung,epithelial-like,epithelial,H3K27ac,BR2,Baseline,A549_BR2_Baseline,3,/GWD/bioinfo/projects/RD-Epigenetics-NetworkData/otar_020/GSK/chip-seq/project_3/bigwig/A549_H3K27ac_ChIP-Seq_P3Lungepitheliacelltypes89_H3K27ac_P3Lungepitheliacelltypes89_bwa_samse_BR2TR1_edited.bw,/GWD/bioinfo/projects/RD-Epigenetics-NetworkData/otar_020/GSK/chip-seq/project_3/bam/A549_H3K27ac_ChIP-Seq_3974_bwa_samse_HS32_18418:4_edited_BR2.bam
A549,lung,epithelial-like,epithelial,H3K27me3,BR1,Baseline,A549_BR1_Baseline,3,/GWD/bioinfo/projects/RD-Epigenetics-NetworkData/otar_020/GSK/chip-seq/project_3/bigwig/A549_H3K27me3_ChIP-Seq_P3Lungepitheliacelltypes89_H3K27me3_P3Lungepitheliacelltypes89_bwa_samse_BR1TR1_edited.bw,/GWD/bioinfo/projects/RD-Epigenetics-NetworkData/otar_020/GSK/chip-seq/project_3/bam/A549_H3K27me3_ChIP-Seq_3974_bwa_samse_HS32_18418:3_edited_BR1.bam
A549,lung,epithelial-like,epithelial,H3K27me3,BR2,Baseline,A549_BR2_Baseline,3,/GWD/bioinfo/projects/RD-Epigenetics-NetworkData/otar_020/GSK/chip-seq/project_3/bigwig/A549_H3K27me3_ChIP-Seq_P3Lungepitheliacelltypes89_H3K27me3_P3Lungepitheliacelltypes89_bwa_samse_BR2TR1_edited.bw,/GWD/bioinfo/projects/RD-Epigenetics-NetworkData/otar_020/GSK/chip-seq/project_3/bam/A549_H3K27me3_ChIP-Seq_3974_bwa_samse_HS32_18418:4_edited_BR2.bam
A549,lung,epithelial-like,epithelial,H3K4me3,BR1,Baseline,A549_BR1_Baseline,3,/GWD/bioinfo/projects/RD-Epigenetics-NetworkData/otar_020/GSK/chip-seq/project_3/bigwig/A549_H3K4me3_ChIP-Seq_P3Lungepitheliacelltypes89_H3K4me3_P3Lungepitheliacelltypes89_bwa_samse_BR1TR1_edited.bw,/GWD/bioinfo/projects/RD-Epigenetics-NetworkData/otar_020/GSK/chip-seq/project_3/bam/A549_H3K4me3_ChIP-Seq_3974_bwa_samse_HS32_18418:3_#1_edited_BR1.bam
A549,lung,epithelial-like,epithelial,H3K4me3,BR2,Baseline,A549_BR2_Baseline,3,/GWD/bioinfo/projects/RD-Epigenetics-NetworkData/otar_020/GSK/chip-seq/project_3/bigwig/A549_H3K4me3_ChIP-Seq_P3Lungepitheliacelltypes89_H3K4me3_P3Lungepitheliacelltypes89_bwa_samse_BR2TR1_edited.bw,/GWD/bioinfo/projects/RD-Epigenetics-NetworkData/otar_020/GSK/chip-seq/project_3/bam/A549_H3K4me3_ChIP-Seq_3974_bwa_samse_HS32_18418:3_#5_edited_BR2.bam
BEAS2B,"lung, bronchus",epithelial,epithelial virus transformed,CTCF,BR1,Baseline,BEAS2B_BR1_Baseline,3,/GWD/bioinfo/projects/RD-Epigenetics-NetworkData/otar_020/GSK/chip-seq/project_3/bigwig/BEAS2B_CTCF_ChIP-Seq_P3Lungepitheliacelltypes89_CTCF_P3Lungepitheliacelltypes89_bwa_samse_BR1TR1_edited.bw,NA
BEAS2B,"lung, bronchus",epithelial,epithelial virus transformed,CTCF,BR2,Baseline,BEAS2B_BR2_Baseline,3,/GWD/bioinfo/projects/RD-Epigenetics-NetworkData/otar_020/GSK/chip-seq/project_3/bigwig/BEAS2B_CTCF_ChIP-Seq_P3Lungepitheliacelltypes89_CTCF_P3Lungepitheliacelltypes89_bwa_samse_BR2TR1_edited.bw,NA
BEAS2B,"lung, bronchus",epithelial,epithelial virus transformed,H3K27ac,BR1,Baseline,BEAS2B_BR1_Baseline,3,/GWD/bioinfo/projects/RD-Epigenetics-NetworkData/otar_020/GSK/chip-seq/project_3/bigwig/BEAS2B_H3K27ac_ChIP-Seq_P3Lungepitheliacelltypes89_H3K27ac_P3Lungepitheliacelltypes89_bwa_samse_BR1TR1_edited.bw,/GWD/bioinfo/projects/RD-Epigenetics-NetworkData/otar_020/GSK/chip-seq/project_3/bam/BEAS2B_H3K27ac_ChIP-Seq_3974_bwa_samse_HS32_18418:4_edited_BR1.bam
BEAS2B,"lung, bronchus",epithelial,epithelial virus transformed,H3K27ac,BR2,Baseline,BEAS2B_BR2_Baseline,3,/GWD/bioinfo/projects/RD-Epigenetics-NetworkData/otar_020/GSK/chip-seq/project_3/bigwig/BEAS2B_H3K27ac_ChIP-Seq_P3Lungepitheliacelltypes89_H3K27ac_P3Lungepitheliacelltypes89_bwa_samse_BR2TR1_edited.bw,/GWD/bioinfo/projects/RD-Epigenetics-NetworkData/otar_020/GSK/chip-seq/project_3/bam/BEAS2B_H3K27ac_ChIP-Seq_3974_bwa_samse_HS32_18418:5_edited_BR2.bam
BEAS2B,"lung, bronchus",epithelial,epithelial virus transformed,H3K27me3,BR1,Baseline,BEAS2B_BR1_Baseline,3,/GWD/bioinfo/projects/RD-Epigenetics-NetworkData/otar_020/GSK/chip-seq/project_3/bigwig/BEAS2B_H3K27me3_ChIP-Seq_P3Lungepitheliacelltypes89_H3K27me3_P3Lungepitheliacelltypes89_bwa_samse_BR1TR1_edited.bw,/GWD/bioinfo/projects/RD-Epigenetics-NetworkData/otar_020/GSK/chip-seq/project_3/bam/BEAS2B_H3K27me3_ChIP-Seq_3974_bwa_samse_HS32_18418:5_#1_edited_BR1.bam
BEAS2B,"lung, bronchus",epithelial,epithelial virus transformed,H3K27me3,BR2,Baseline,BEAS2B_BR2_Baseline,3,/GWD/bioinfo/projects/RD-Epigenetics-NetworkData/otar_020/GSK/chip-seq/project_3/bigwig/BEAS2B_H3K27me3_ChIP-Seq_P3Lungepitheliacelltypes89_H3K27me3_P3Lungepitheliacelltypes89_bwa_samse_BR2TR1_edited.bw,/GWD/bioinfo/projects/RD-Epigenetics-NetworkData/otar_020/GSK/chip-seq/project_3/bam/BEAS2B_H3K27me3_ChIP-Seq_3974_bwa_samse_HS32_18418:5_#5_edited_BR2.bam
BEAS2B,"lung, bronchus",epithelial,epithelial virus transformed,H3K4me3,BR1,Baseline,BEAS2B_BR1_Baseline,3,/GWD/bioinfo/projects/RD-Epigenetics-NetworkData/otar_020/GSK/chip-seq/project_3/bigwig/BEAS2B_H3K4me3_ChIP-Seq_P3Lungepitheliacelltypes89_H3K4me3_P3Lungepitheliacelltypes89_bwa_samse_BR1TR1_edited.bw,/GWD/bioinfo/projects/RD-Epigenetics-NetworkData/otar_020/GSK/chip-seq/project_3/bam/BEAS2B_H3K4me3_ChIP-Seq_3974_bwa_samse_HS32_18418:4_edited_BR1.bam
BEAS2B,"lung, bronchus",epithelial,epithelial virus transformed,H3K4me3,BR2,Baseline,BEAS2B_BR2_Baseline,3,/GWD/bioinfo/projects/RD-Epigenetics-NetworkData/otar_020/GSK/chip-seq/project_3/bigwig/BEAS2B_H3K4me3_ChIP-Seq_P3Lungepitheliacelltypes89_H3K4me3_P3Lungepitheliacelltypes89_bwa_samse_BR2TR1_edited.bw,/GWD/bioinfo/projects/RD-Epigenetics-NetworkData/otar_020/GSK/chip-seq/project_3/bam/BEAS2B_H3K4me3_ChIP-Seq_3974_bwa_samse_HS32_18418:5_edited_BR2.bam
THP-1,peripheral blood,monocyte,monocyte,CTCF,BR1,LPS,THP-1_BR1_LPS,2,/GWD/bioinfo/projects/RD-Epigenetics-NetworkData/otar_020/GSK/chip-seq/project_2/bigwig/THP1_CL_CTCF_ChIP-Seq_P2MonocyteMacrophage89_CTCF_P2MonocyteMacrophage89_bwa_samse_BR1TR1_edited.bw,NA
THP-1,peripheral blood,monocyte,monocyte,CTCF,BR2,LPS,THP-1_BR2_LPS,2,/GWD/bioinfo/projects/RD-Epigenetics-NetworkData/otar_020/GSK/chip-seq/project_2/bigwig/THP1_CL_CTCF_ChIP-Seq_P2MonocyteMacrophage89_CTCF_P2MonocyteMacrophage89_bwa_samse_BR2TR1_edited.bw,NA
THP-1,peripheral blood,monocyte,monocyte,H3K27ac,BR1,LPS,THP-1_BR1_LPS,2,/GWD/bioinfo/projects/RD-Epigenetics-NetworkData/otar_020/GSK/chip-seq/project_2/bigwig/THP1_CL_H3K27ac_ChIP-Seq_P2MonocyteMacrophage89_H3K27ac_P2MonocyteMacrophage89_bwa_samse_BR1TR1_edited.bw,NA
THP-1,peripheral blood,monocyte,monocyte,H3K4me3,BR1,LPS,THP-1_BR1_LPS,2,/GWD/bioinfo/projects/RD-Epigenetics-NetworkData/otar_020/GSK/chip-seq/project_2/bigwig/THP1_CL_H3K4me3_ChIP-Seq_P2MonocyteMacrophage89_H3K4me3_P2MonocyteMacrophage89_bwa_samse_BR1TR1_edited.bw,NA
THP-1,peripheral blood,monocyte,monocyte,H3K4me3,BR2,LPS,THP-1_BR2_LPS,2,/GWD/bioinfo/projects/RD-Epigenetics-NetworkData/otar_020/GSK/chip-seq/project_2/bigwig/THP1_CL_H3K4me3_ChIP-Seq_P2MonocyteMacrophage89_H3K4me3_P2MonocyteMacrophage89_bwa_samse_BR2TR1_edited.bw,NA
THP-1,peripheral blood,monocyte,monocyte,Control,BR1,LPS,THP-1_BR1_LPS,2,/GWD/bioinfo/projects/RD-Epigenetics-NetworkData/otar_020/GSK/chip-seq/project_2/bigwig/THP1_CL_WCE_ChIP-Seq_ControlTF_no1_P2MonocyteMacrophage89_WCE_P2MonocyteMacrophage89_bwa_samse_BR1TR1_edited.bw,NA
THP-1,peripheral blood,monocyte,monocyte,Control,BR1,LPS,THP-1_BR1_LPS,2,/GWD/bioinfo/projects/RD-Epigenetics-NetworkData/otar_020/GSK/chip-seq/project_2/bigwig/THP1_CL_WCE_ChIP-Seq_Controlhist_no1_P2MonocyteMacrophage89_WCE_P2MonocyteMacrophage89_bwa_samse_BR1TR1_edited.bw,NA
THP-1,peripheral blood,monocyte,monocyte,Control,BR1,LPS,THP-1_BR1_LPS,2,/GWD/bioinfo/projects/RD-Epigenetics-NetworkData/otar_020/GSK/chip-seq/project_2/bigwig/THP1_CL_WCE_ChIP-Seq_Controlhist_no2_P2MonocyteMacrophage89_WCE_P2MonocyteMacrophage89_bwa_samse_BR1TR1_edited.bw,NA
THP-1,peripheral blood,monocyte,monocyte,Control,BR1,LPS,THP-1_BR1_LPS,2,/GWD/bioinfo/projects/RD-Epigenetics-NetworkData/otar_020/GSK/chip-seq/project_2/bigwig/THP1_CL_WCE_ChIP-Seq_Controlhist_no3_P2MonocyteMacrophage89_WCE_P2MonocyteMacrophage89_bwa_samse_BR1TR1_edited.bw,NA
THP-1,peripheral blood,monocyte,monocyte,CTCF,BR1,Baseline,THP-1_BR1_Baseline,2,/GWD/bioinfo/projects/RD-Epigenetics-NetworkData/otar_020/GSK/chip-seq/project_2/bigwig/THP1_CTCF_ChIP-Seq_P2MonocyteMacrophage89_CTCF_P2MonocyteMacrophage89_bwa_samse_BR1TR1_edited.bw,NA
THP-1,peripheral blood,monocyte,monocyte,CTCF,BR2,Baseline,THP-1_BR2_Baseline,2,/GWD/bioinfo/projects/RD-Epigenetics-NetworkData/otar_020/GSK/chip-seq/project_2/bigwig/THP1_CTCF_ChIP-Seq_P2MonocyteMacrophage89_CTCF_P2MonocyteMacrophage89_bwa_samse_BR2TR1_edited.bw,NA
THP-1,peripheral blood,monocyte,monocyte,H3K27ac,BR1,Baseline,THP-1_BR1_Baseline,2,/GWD/bioinfo/projects/RD-Epigenetics-NetworkData/otar_020/GSK/chip-seq/project_2/bigwig/THP1_H3K27ac_ChIP-Seq_P2MonocyteMacrophage89_H3K27ac_P2MonocyteMacrophage89_bwa_samse_BR1TR1_edited.bw,NA
THP-1,peripheral blood,monocyte,monocyte,H3K27ac,BR2,Baseline,THP-1_BR2_Baseline,2,/GWD/bioinfo/projects/RD-Epigenetics-NetworkData/otar_020/GSK/chip-seq/project_2/bigwig/THP1_H3K27ac_ChIP-Seq_P2MonocyteMacrophage89_H3K27ac_P2MonocyteMacrophage89_bwa_samse_BR2TR1_edited.bw,NA
THP-1,peripheral blood,monocyte,monocyte,H3K4me3,BR1,Baseline,THP-1_BR1_Baseline,2,/GWD/bioinfo/projects/RD-Epigenetics-NetworkData/otar_020/GSK/chip-seq/project_2/bigwig/THP1_H3K4me3_ChIP-Seq_P2MonocyteMacrophage89_H3K4me3_P2MonocyteMacrophage89_bwa_samse_BR1TR1_edited.bw,NA
THP-1,peripheral blood,monocyte,monocyte,H3K4me3,BR2,Baseline,THP-1_BR2_Baseline,2,/GWD/bioinfo/projects/RD-Epigenetics-NetworkData/otar_020/GSK/chip-seq/project_2/bigwig/THP1_H3K4me3_ChIP-Seq_P2MonocyteMacrophage89_H3K4me3_P2MonocyteMacrophage89_bwa_samse_BR2TR1_edited.bw,NA
THP-1,peripheral blood,monocyte,monocyte,CTCF,BR1,PMA+LPS,THP-1_BR1_PMA+LPS,2,/GWD/bioinfo/projects/RD-Epigenetics-NetworkData/otar_020/GSK/chip-seq/project_2/bigwig/THP1_PL_CTCF_ChIP-Seq_P2MonocyteMacrophage89_CTCF_P2MonocyteMacrophage89_bwa_samse_BR1TR1_edited.bw,NA
THP-1,peripheral blood,monocyte,monocyte,CTCF,BR2,PMA+LPS,THP-1_BR2_PMA+LPS,2,/GWD/bioinfo/projects/RD-Epigenetics-NetworkData/otar_020/GSK/chip-seq/project_2/bigwig/THP1_PL_CTCF_ChIP-Seq_P2MonocyteMacrophage89_CTCF_P2MonocyteMacrophage89_bwa_samse_BR2TR1_edited.bw,NA
THP-1,peripheral blood,monocyte,monocyte,H3K27ac,BR1,PMA+LPS,THP-1_BR1_PMA+LPS,2,/GWD/bioinfo/projects/RD-Epigenetics-NetworkData/otar_020/GSK/chip-seq/project_2/bigwig/THP1_PL_H3K27ac_ChIP-Seq_P2MonocyteMacrophage89_H3K27ac_P2MonocyteMacrophage89_bwa_samse_BR1TR1_edited.bw,NA
THP-1,peripheral blood,monocyte,monocyte,H3K27ac,BR2,PMA+LPS,THP-1_BR2_PMA+LPS,2,/GWD/bioinfo/projects/RD-Epigenetics-NetworkData/otar_020/GSK/chip-seq/project_2/bigwig/THP1_PL_H3K27ac_ChIP-Seq_P2MonocyteMacrophage89_H3K27ac_P2MonocyteMacrophage89_bwa_samse_BR2TR1_edited.bw,NA
THP-1,peripheral blood,monocyte,monocyte,H3K4me3,BR1,PMA+LPS,THP-1_BR1_PMA+LPS,2,/GWD/bioinfo/projects/RD-Epigenetics-NetworkData/otar_020/GSK/chip-seq/project_2/bigwig/THP1_PL_H3K4me3_ChIP-Seq_P2MonocyteMacrophage89_H3K4me3_P2MonocyteMacrophage89_bwa_samse_BR1TR1_edited.bw,NA
THP-1,peripheral blood,monocyte,monocyte,H3K4me3,BR2,PMA+LPS,THP-1_BR2_PMA+LPS,2,/GWD/bioinfo/projects/RD-Epigenetics-NetworkData/otar_020/GSK/chip-seq/project_2/bigwig/THP1_PL_H3K4me3_ChIP-Seq_P2MonocyteMacrophage89_H3K4me3_P2MonocyteMacrophage89_bwa_samse_BR2TR1_edited.bw,NA
THP-1,peripheral blood,monocyte,monocyte,Control,BR1,PMA+LPS,THP-1_BR1_PMA+LPS,2,/GWD/bioinfo/projects/RD-Epigenetics-NetworkData/otar_020/GSK/chip-seq/project_2/bigwig/THP1_PL_WCE_ChIP-Seq_ControlTF_no1_P2MonocyteMacrophage89_WCE_P2MonocyteMacrophage89_bwa_samse_BR1TR1_edited.bw,NA
THP-1,peripheral blood,monocyte,monocyte,Control,BR1,PMA+LPS,THP-1_BR1_PMA+LPS,2,/GWD/bioinfo/projects/RD-Epigenetics-NetworkData/otar_020/GSK/chip-seq/project_2/bigwig/THP1_PL_WCE_ChIP-Seq_Controlhist_no1_P2MonocyteMacrophage89_WCE_P2MonocyteMacrophage89_bwa_samse_BR1TR1_edited.bw,NA
THP-1,peripheral blood,monocyte,monocyte,Control,BR1,PMA+LPS,THP-1_BR1_PMA+LPS,2,/GWD/bioinfo/projects/RD-Epigenetics-NetworkData/otar_020/GSK/chip-seq/project_2/bigwig/THP1_PL_WCE_ChIP-Seq_Controlhist_no2_P2MonocyteMacrophage89_WCE_P2MonocyteMacrophage89_bwa_samse_BR1TR1_edited.bw,NA
THP-1,peripheral blood,monocyte,monocyte,Control,BR1,PMA+LPS,THP-1_BR1_PMA+LPS,2,/GWD/bioinfo/projects/RD-Epigenetics-NetworkData/otar_020/GSK/chip-seq/project_2/bigwig/THP1_PL_WCE_ChIP-Seq_Controlhist_no3_P2MonocyteMacrophage89_WCE_P2MonocyteMacrophage89_bwa_samse_BR1TR1_edited.bw,NA
THP-1,peripheral blood,monocyte,monocyte,CTCF,BR1,PMA,THP-1_BR1_PMA,2,/GWD/bioinfo/projects/RD-Epigenetics-NetworkData/otar_020/GSK/chip-seq/project_2/bigwig/THP1_P_CTCF_ChIP-Seq_P2MonocyteMacrophage89_CTCF_P2MonocyteMacrophage89_bwa_samse_BR1TR1_edited.bw,NA
THP-1,peripheral blood,monocyte,monocyte,CTCF,BR2,PMA,THP-1_BR2_PMA,2,/GWD/bioinfo/projects/RD-Epigenetics-NetworkData/otar_020/GSK/chip-seq/project_2/bigwig/THP1_P_CTCF_ChIP-Seq_P2MonocyteMacrophage89_CTCF_P2MonocyteMacrophage89_bwa_samse_BR2TR1_edited.bw,NA
THP-1,peripheral blood,monocyte,monocyte,H3K27ac,BR1,PMA,THP-1_BR1_PMA,2,/GWD/bioinfo/projects/RD-Epigenetics-NetworkData/otar_020/GSK/chip-seq/project_2/bigwig/THP1_P_H3K27ac_ChIP-Seq_P2MonocyteMacrophage89_H3K27ac_P2MonocyteMacrophage89_bwa_samse_BR1TR1_edited.bw,NA
THP-1,peripheral blood,monocyte,monocyte,H3K27ac,BR2,PMA,THP-1_BR2_PMA,2,/GWD/bioinfo/projects/RD-Epigenetics-NetworkData/otar_020/GSK/chip-seq/project_2/bigwig/THP1_P_H3K27ac_ChIP-Seq_P2MonocyteMacrophage89_H3K27ac_P2MonocyteMacrophage89_bwa_samse_BR2TR1_edited.bw,NA
THP-1,peripheral blood,monocyte,monocyte,H3K4me3,BR1,PMA,THP-1_BR1_PMA,2,/GWD/bioinfo/projects/RD-Epigenetics-NetworkData/otar_020/GSK/chip-seq/project_2/bigwig/THP1_P_H3K4me3_ChIP-Seq_P2MonocyteMacrophage89_H3K4me3_P2MonocyteMacrophage89_bwa_samse_BR1TR1_edited.bw,NA
THP-1,peripheral blood,monocyte,monocyte,H3K4me3,BR2,PMA,THP-1_BR2_PMA,2,/GWD/bioinfo/projects/RD-Epigenetics-NetworkData/otar_020/GSK/chip-seq/project_2/bigwig/THP1_P_H3K4me3_ChIP-Seq_P2MonocyteMacrophage89_H3K4me3_P2MonocyteMacrophage89_bwa_samse_BR2TR1_edited.bw,NA
THP-1,peripheral blood,monocyte,monocyte,Control,BR1,PMA,THP-1_BR1_PMA,2,/GWD/bioinfo/projects/RD-Epigenetics-NetworkData/otar_020/GSK/chip-seq/project_2/bigwig/THP1_P_WCE_ChIP-Seq_ControlTF_no1_P2MonocyteMacrophage89_WCE_P2MonocyteMacrophage89_bwa_samse_BR1TR1_edited.bw,NA
THP-1,peripheral blood,monocyte,monocyte,Control,BR1,PMA,THP-1_BR1_PMA,2,/GWD/bioinfo/projects/RD-Epigenetics-NetworkData/otar_020/GSK/chip-seq/project_2/bigwig/THP1_P_WCE_ChIP-Seq_Controlhist_no1_P2MonocyteMacrophage89_WCE_P2MonocyteMacrophage89_bwa_samse_BR1TR1_edited.bw,NA
THP-1,peripheral blood,monocyte,monocyte,Control,BR1,PMA,THP-1_BR1_PMA,2,/GWD/bioinfo/projects/RD-Epigenetics-NetworkData/otar_020/GSK/chip-seq/project_2/bigwig/THP1_P_WCE_ChIP-Seq_Controlhist_no2_P2MonocyteMacrophage89_WCE_P2MonocyteMacrophage89_bwa_samse_BR1TR1_edited.bw,NA
THP-1,peripheral blood,monocyte,monocyte,Control,BR1,PMA,THP-1_BR1_PMA,2,/GWD/bioinfo/projects/RD-Epigenetics-NetworkData/otar_020/GSK/chip-seq/project_2/bigwig/THP1_P_WCE_ChIP-Seq_Controlhist_no3_P2MonocyteMacrophage89_WCE_P2MonocyteMacrophage89_bwa_samse_BR1TR1_edited.bw,NA
THP-1,peripheral blood,monocyte,monocyte,CTCF,BR1,VD3+LPS,THP-1_BR1_VD3+LPS,2,/GWD/bioinfo/projects/RD-Epigenetics-NetworkData/otar_020/GSK/chip-seq/project_2/bigwig/THP1_VL_CTCF_ChIP-Seq_P2MonocyteMacrophage89_CTCF_P2MonocyteMacrophage89_bwa_samse_BR1TR1_edited.bw,NA
THP-1,peripheral blood,monocyte,monocyte,CTCF,BR2,VD3+LPS,THP-1_BR2_VD3+LPS,2,/GWD/bioinfo/projects/RD-Epigenetics-NetworkData/otar_020/GSK/chip-seq/project_2/bigwig/THP1_VL_CTCF_ChIP-Seq_P2MonocyteMacrophage89_CTCF_P2MonocyteMacrophage89_bwa_samse_BR2TR1_edited.bw,NA
THP-1,peripheral blood,monocyte,monocyte,H3K27ac,BR1,VD3+LPS,THP-1_BR1_VD3+LPS,2,/GWD/bioinfo/projects/RD-Epigenetics-NetworkData/otar_020/GSK/chip-seq/project_2/bigwig/THP1_VL_H3K27ac_ChIP-Seq_P2MonocyteMacrophage89_H3K27ac_P2MonocyteMacrophage89_bwa_samse_BR1TR1_edited.bw,NA
THP-1,peripheral blood,monocyte,monocyte,H3K27ac,BR2,VD3+LPS,THP-1_BR2_VD3+LPS,2,/GWD/bioinfo/projects/RD-Epigenetics-NetworkData/otar_020/GSK/chip-seq/project_2/bigwig/THP1_VL_H3K27ac_ChIP-Seq_P2MonocyteMacrophage89_H3K27ac_P2MonocyteMacrophage89_bwa_samse_BR2TR1_edited.bw,NA
THP-1,peripheral blood,monocyte,monocyte,H3K4me3,BR1,VD3+LPS,THP-1_BR1_VD3+LPS,2,/GWD/bioinfo/projects/RD-Epigenetics-NetworkData/otar_020/GSK/chip-seq/project_2/bigwig/THP1_VL_H3K4me3_ChIP-Seq_P2MonocyteMacrophage89_H3K4me3_P2MonocyteMacrophage89_bwa_samse_BR1TR1_edited.bw,NA
THP-1,peripheral blood,monocyte,monocyte,H3K4me3,BR2,VD3+LPS,THP-1_BR2_VD3+LPS,2,/GWD/bioinfo/projects/RD-Epigenetics-NetworkData/otar_020/GSK/chip-seq/project_2/bigwig/THP1_VL_H3K4me3_ChIP-Seq_P2MonocyteMacrophage89_H3K4me3_P2MonocyteMacrophage89_bwa_samse_BR2TR1_edited.bw,NA
THP-1,peripheral blood,monocyte,monocyte,Control,BR1,VD3+LPS,THP-1_BR1_VD3+LPS,2,/GWD/bioinfo/projects/RD-Epigenetics-NetworkData/otar_020/GSK/chip-seq/project_2/bigwig/THP1_VL_WCE_ChIP-Seq_Controlhist_no1_P2MonocyteMacrophage89_WCE_P2MonocyteMacrophage89_bwa_samse_BR1TR1_edited.bw,NA
THP-1,peripheral blood,monocyte,monocyte,Control,BR1,VD3+LPS,THP-1_BR1_VD3+LPS,2,/GWD/bioinfo/projects/RD-Epigenetics-NetworkData/otar_020/GSK/chip-seq/project_2/bigwig/THP1_VL_WCE_ChIP-Seq_Controlhist_no2_P2MonocyteMacrophage89_WCE_P2MonocyteMacrophage89_bwa_samse_BR1TR1_edited.bw,NA
THP-1,peripheral blood,monocyte,monocyte,Control,BR1,VD3+LPS,THP-1_BR1_VD3+LPS,2,/GWD/bioinfo/projects/RD-Epigenetics-NetworkData/otar_020/GSK/chip-seq/project_2/bigwig/THP1_VL_WCE_ChIP-Seq_Controlhist_no3_P2MonocyteMacrophage89_WCE_P2MonocyteMacrophage89_bwa_samse_BR1TR1_edited.bw,NA
THP-1,peripheral blood,monocyte,monocyte,Control,BR1,VD3+LPS,THP-1_BR1_VD3+LPS,2,/GWD/bioinfo/projects/RD-Epigenetics-NetworkData/otar_020/GSK/chip-seq/project_2/bigwig/THP1_VL_WCE_ChIP-Seq_Controlhist_no4_P2MonocyteMacrophage89_WCE_P2MonocyteMacrophage89_bwa_samse_BR1TR1_edited.bw,NA
THP-1,peripheral blood,monocyte,monocyte,CTCF,BR1,VD3,THP-1_BR1_VD3,2,/GWD/bioinfo/projects/RD-Epigenetics-NetworkData/otar_020/GSK/chip-seq/project_2/bigwig/THP1_V_CTCF_ChIP-Seq_P2MonocyteMacrophage89_CTCF_P2MonocyteMacrophage89_bwa_samse_BR1TR1_edited.bw,NA
THP-1,peripheral blood,monocyte,monocyte,CTCF,BR2,VD3,THP-1_BR2_VD3,2,/GWD/bioinfo/projects/RD-Epigenetics-NetworkData/otar_020/GSK/chip-seq/project_2/bigwig/THP1_V_CTCF_ChIP-Seq_P2MonocyteMacrophage89_CTCF_P2MonocyteMacrophage89_bwa_samse_BR2TR1_edited.bw,NA
THP-1,peripheral blood,monocyte,monocyte,H3K27ac,BR1,VD3,THP-1_BR1_VD3,2,/GWD/bioinfo/projects/RD-Epigenetics-NetworkData/otar_020/GSK/chip-seq/project_2/bigwig/THP1_V_H3K27ac_ChIP-Seq_P2MonocyteMacrophage89_H3K27ac_P2MonocyteMacrophage89_bwa_samse_BR1TR1_edited.bw,NA
THP-1,peripheral blood,monocyte,monocyte,H3K27ac,BR2,VD3,THP-1_BR2_VD3,2,/GWD/bioinfo/projects/RD-Epigenetics-NetworkData/otar_020/GSK/chip-seq/project_2/bigwig/THP1_V_H3K27ac_ChIP-Seq_P2MonocyteMacrophage89_H3K27ac_P2MonocyteMacrophage89_bwa_samse_BR2TR1_edited.bw,NA
THP-1,peripheral blood,monocyte,monocyte,H3K4me3,BR1,VD3,THP-1_BR1_VD3,2,/GWD/bioinfo/projects/RD-Epigenetics-NetworkData/otar_020/GSK/chip-seq/project_2/bigwig/THP1_V_H3K4me3_ChIP-Seq_P2MonocyteMacrophage89_H3K4me3_P2MonocyteMacrophage89_bwa_samse_BR1TR1_edited.bw,NA
THP-1,peripheral blood,monocyte,monocyte,H3K4me3,BR2,VD3,THP-1_BR2_VD3,2,/GWD/bioinfo/projects/RD-Epigenetics-NetworkData/otar_020/GSK/chip-seq/project_2/bigwig/THP1_V_H3K4me3_ChIP-Seq_P2MonocyteMacrophage89_H3K4me3_P2MonocyteMacrophage89_bwa_samse_BR2TR1_edited.bw,NA
THP-1,peripheral blood,monocyte,monocyte,Control,BR1,VD3,THP-1_BR1_VD3,2,/GWD/bioinfo/projects/RD-Epigenetics-NetworkData/otar_020/GSK/chip-seq/project_2/bigwig/THP1_V_WCE_ChIP-Seq_Controlhist_no1_P2MonocyteMacrophage89_WCE_P2MonocyteMacrophage89_bwa_samse_BR1TR1_edited.bw,NA
THP-1,peripheral blood,monocyte,monocyte,Control,BR1,VD3,THP-1_BR1_VD3,2,/GWD/bioinfo/projects/RD-Epigenetics-NetworkData/otar_020/GSK/chip-seq/project_2/bigwig/THP1_V_WCE_ChIP-Seq_Controlhist_no2_P2MonocyteMacrophage89_WCE_P2MonocyteMacrophage89_bwa_samse_BR1TR1_edited.bw,NA
THP-1,peripheral blood,monocyte,monocyte,Control,BR1,VD3,THP-1_BR1_VD3,2,/GWD/bioinfo/projects/RD-Epigenetics-NetworkData/otar_020/GSK/chip-seq/project_2/bigwig/THP1_V_WCE_ChIP-Seq_Controlhist_no3_P2MonocyteMacrophage89_WCE_P2MonocyteMacrophage89_bwa_samse_BR1TR1_edited.bw,NA
THP-1,peripheral blood,monocyte,monocyte,Control,BR1,VD3,THP-1_BR1_VD3,2,/GWD/bioinfo/projects/RD-Epigenetics-NetworkData/otar_020/GSK/chip-seq/project_2/bigwig/THP1_V_WCE_ChIP-Seq_Controlhist_no4_P2MonocyteMacrophage89_WCE_P2MonocyteMacrophage89_bwa_samse_BR1TR1_edited.bw,NA
THP-1,peripheral blood,monocyte,monocyte,Input,BR1,Baseline,THP-1_BR1_Baseline,2,/GWD/bioinfo/projects/RD-Epigenetics-NetworkData/otar_020/GSK/chip-seq/project_2/bigwig/THP1_WCE_ChIP-Seq_ControlTF_no1_P2MonocyteMacrophage89_WCE_P2MonocyteMacrophage89_bwa_samse_BR1TR1_edited.bw,NA
THP-1,peripheral blood,monocyte,monocyte,Input,BR1,Baseline,THP-1_BR1_Baseline,2,/GWD/bioinfo/projects/RD-Epigenetics-NetworkData/otar_020/GSK/chip-seq/project_2/bigwig/THP1_WCE_ChIP-Seq_Controlhist_no1_P2MonocyteMacrophage89_WCE_P2MonocyteMacrophage89_bwa_samse_BR1TR1_edited.bw,NA
THP-1,peripheral blood,monocyte,monocyte,Input,BR1,Baseline,THP-1_BR1_Baseline,2,/GWD/bioinfo/projects/RD-Epigenetics-NetworkData/otar_020/GSK/chip-seq/project_2/bigwig/THP1_WCE_ChIP-Seq_Controlhist_no2_P2MonocyteMacrophage89_WCE_P2MonocyteMacrophage89_bwa_samse_BR1TR1_edited.bw,NA
THP-1,peripheral blood,monocyte,monocyte,Input,BR1,Baseline,THP-1_BR1_Baseline,2,/GWD/bioinfo/projects/RD-Epigenetics-NetworkData/otar_020/GSK/chip-seq/project_2/bigwig/THP1_WCE_ChIP-Seq_Controlhist_no3_P2MonocyteMacrophage89_WCE_P2MonocyteMacrophage89_bwa_samse_BR1TR1_edited.bw,NA
U937,"Pleura/pleural effusion, lymphocyte, Myeloid",monocyte,NA,CTCF,BR1,LPS,U937_BR1_LPS,2,/GWD/bioinfo/projects/RD-Epigenetics-NetworkData/otar_020/GSK/chip-seq/project_2/bigwig/U937_CL_CTCF_ChIP-Seq_P2MonocyteMacrophage89_CTCF_P2MonocyteMacrophage89_bwa_samse_BR1TR1_edited.bw,NA
U937,"Pleura/pleural effusion, lymphocyte, Myeloid",monocyte,NA,CTCF,BR2,LPS,U937_BR2_LPS,2,/GWD/bioinfo/projects/RD-Epigenetics-NetworkData/otar_020/GSK/chip-seq/project_2/bigwig/U937_CL_CTCF_ChIP-Seq_P2MonocyteMacrophage89_CTCF_P2MonocyteMacrophage89_bwa_samse_BR2TR1_edited.bw,NA
U937,"Pleura/pleural effusion, lymphocyte, Myeloid",monocyte,NA,H3K27ac,BR1,LPS,U937_BR1_LPS,2,/GWD/bioinfo/projects/RD-Epigenetics-NetworkData/otar_020/GSK/chip-seq/project_2/bigwig/U937_CL_H3K27ac_ChIP-Seq_P2MonocyteMacrophage89_H3K27ac_P2MonocyteMacrophage89_bwa_samse_BR1TR1_edited.bw,NA
U937,"Pleura/pleural effusion, lymphocyte, Myeloid",monocyte,NA,H3K27ac,BR2,LPS,U937_BR2_LPS,2,/GWD/bioinfo/projects/RD-Epigenetics-NetworkData/otar_020/GSK/chip-seq/project_2/bigwig/U937_CL_H3K27ac_ChIP-Seq_P2MonocyteMacrophage89_H3K27ac_P2MonocyteMacrophage89_bwa_samse_BR2TR1_edited.bw,NA
U937,"Pleura/pleural effusion, lymphocyte, Myeloid",monocyte,NA,H3K4me3,BR1,LPS,U937_BR1_LPS,2,/GWD/bioinfo/projects/RD-Epigenetics-NetworkData/otar_020/GSK/chip-seq/project_2/bigwig/U937_CL_H3K4me3_ChIP-Seq_P2MonocyteMacrophage89_H3K4me3_P2MonocyteMacrophage89_bwa_samse_BR1TR1_edited.bw,NA
U937,"Pleura/pleural effusion, lymphocyte, Myeloid",monocyte,NA,H3K4me3,BR2,LPS,U937_BR2_LPS,2,/GWD/bioinfo/projects/RD-Epigenetics-NetworkData/otar_020/GSK/chip-seq/project_2/bigwig/U937_CL_H3K4me3_ChIP-Seq_P2MonocyteMacrophage89_H3K4me3_P2MonocyteMacrophage89_bwa_samse_BR2TR1_edited.bw,NA
U937,"Pleura/pleural effusion, lymphocyte, Myeloid",monocyte,NA,Control,BR1,LPS,U937_BR1_LPS,2,/GWD/bioinfo/projects/RD-Epigenetics-NetworkData/otar_020/GSK/chip-seq/project_2/bigwig/U937_CL_WCE_ChIP-Seq_Controlhist_no1_P2MonocyteMacrophage89_WCE_P2MonocyteMacrophage89_bwa_samse_BR1TR1_edited.bw,NA
U937,"Pleura/pleural effusion, lymphocyte, Myeloid",monocyte,NA,Control,BR1,LPS,U937_BR1_LPS,2,/GWD/bioinfo/projects/RD-Epigenetics-NetworkData/otar_020/GSK/chip-seq/project_2/bigwig/U937_CL_WCE_ChIP-Seq_Controlhist_no2_P2MonocyteMacrophage89_WCE_P2MonocyteMacrophage89_bwa_samse_BR1TR1_edited.bw,NA
U937,"Pleura/pleural effusion, lymphocyte, Myeloid",monocyte,NA,Control,BR1,LPS,U937_BR1_LPS,2,/GWD/bioinfo/projects/RD-Epigenetics-NetworkData/otar_020/GSK/chip-seq/project_2/bigwig/U937_CL_WCE_ChIP-Seq_Controlhist_no3_P2MonocyteMacrophage89_WCE_P2MonocyteMacrophage89_bwa_samse_BR1TR1_edited.bw,NA
U937,"Pleura/pleural effusion, lymphocyte, Myeloid",monocyte,NA,Control,BR1,LPS,U937_BR1_LPS,2,/GWD/bioinfo/projects/RD-Epigenetics-NetworkData/otar_020/GSK/chip-seq/project_2/bigwig/U937_CL_WCE_ChIP-Seq_Controlhist_no4_P2MonocyteMacrophage89_WCE_P2MonocyteMacrophage89_bwa_samse_BR1TR1_edited.bw,NA
U937,"Pleura/pleural effusion, lymphocyte, Myeloid",monocyte,NA,CTCF,BR1,Baseline,U937_BR1_Baseline,2,/GWD/bioinfo/projects/RD-Epigenetics-NetworkData/otar_020/GSK/chip-seq/project_2/bigwig/U937_CTCF_ChIP-Seq_P2MonocyteMacrophage89_CTCF_P2MonocyteMacrophage89_bwa_samse_BR1TR1_edited.bw,NA
U937,"Pleura/pleural effusion, lymphocyte, Myeloid",monocyte,NA,CTCF,BR2,Baseline,U937_BR2_Baseline,2,/GWD/bioinfo/projects/RD-Epigenetics-NetworkData/otar_020/GSK/chip-seq/project_2/bigwig/U937_CTCF_ChIP-Seq_P2MonocyteMacrophage89_CTCF_P2MonocyteMacrophage89_bwa_samse_BR2TR1_edited.bw,NA
U937,"Pleura/pleural effusion, lymphocyte, Myeloid",monocyte,NA,H3K27ac,BR1,Baseline,U937_BR1_Baseline,2,/GWD/bioinfo/projects/RD-Epigenetics-NetworkData/otar_020/GSK/chip-seq/project_2/bigwig/U937_H3K27ac_ChIP-Seq_P2MonocyteMacrophage89_H3K27ac_P2MonocyteMacrophage89_bwa_samse_BR1TR1_edited.bw,NA
U937,"Pleura/pleural effusion, lymphocyte, Myeloid",monocyte,NA,H3K27ac,BR2,Baseline,U937_BR2_Baseline,2,/GWD/bioinfo/projects/RD-Epigenetics-NetworkData/otar_020/GSK/chip-seq/project_2/bigwig/U937_H3K27ac_ChIP-Seq_P2MonocyteMacrophage89_H3K27ac_P2MonocyteMacrophage89_bwa_samse_BR2TR1_edited.bw,NA
U937,"Pleura/pleural effusion, lymphocyte, Myeloid",monocyte,NA,H3K4me3,BR1,Baseline,U937_BR1_Baseline,2,/GWD/bioinfo/projects/RD-Epigenetics-NetworkData/otar_020/GSK/chip-seq/project_2/bigwig/U937_H3K4me3_ChIP-Seq_P2MonocyteMacrophage89_H3K4me3_P2MonocyteMacrophage89_bwa_samse_BR1TR1_edited.bw,NA
U937,"Pleura/pleural effusion, lymphocyte, Myeloid",monocyte,NA,H3K4me3,BR2,Baseline,U937_BR2_Baseline,2,/GWD/bioinfo/projects/RD-Epigenetics-NetworkData/otar_020/GSK/chip-seq/project_2/bigwig/U937_H3K4me3_ChIP-Seq_P2MonocyteMacrophage89_H3K4me3_P2MonocyteMacrophage89_bwa_samse_BR2TR1_edited.bw,NA
U937,"Pleura/pleural effusion, lymphocyte, Myeloid",monocyte,NA,CTCF,BR1,PMA+LPS,U937_BR1_PMA+LPS,2,/GWD/bioinfo/projects/RD-Epigenetics-NetworkData/otar_020/GSK/chip-seq/project_2/bigwig/U937_PL_CTCF_ChIP-Seq_P2MonocyteMacrophage89_CTCF_P2MonocyteMacrophage89_bwa_samse_BR1TR1_edited.bw,NA
U937,"Pleura/pleural effusion, lymphocyte, Myeloid",monocyte,NA,CTCF,BR2,PMA+LPS,U937_BR2_PMA+LPS,2,/GWD/bioinfo/projects/RD-Epigenetics-NetworkData/otar_020/GSK/chip-seq/project_2/bigwig/U937_PL_CTCF_ChIP-Seq_P2MonocyteMacrophage89_CTCF_P2MonocyteMacrophage89_bwa_samse_BR2TR1_edited.bw,NA
U937,"Pleura/pleural effusion, lymphocyte, Myeloid",monocyte,NA,H3K27ac,BR1,PMA+LPS,U937_BR1_PMA+LPS,2,/GWD/bioinfo/projects/RD-Epigenetics-NetworkData/otar_020/GSK/chip-seq/project_2/bigwig/U937_PL_H3K27ac_ChIP-Seq_P2MonocyteMacrophage89_H3K27ac_P2MonocyteMacrophage89_bwa_samse_BR1TR1_edited.bw,NA
U937,"Pleura/pleural effusion, lymphocyte, Myeloid",monocyte,NA,H3K27ac,BR2,PMA+LPS,U937_BR2_PMA+LPS,2,/GWD/bioinfo/projects/RD-Epigenetics-NetworkData/otar_020/GSK/chip-seq/project_2/bigwig/U937_PL_H3K27ac_ChIP-Seq_P2MonocyteMacrophage89_H3K27ac_P2MonocyteMacrophage89_bwa_samse_BR2TR1_edited.bw,NA
U937,"Pleura/pleural effusion, lymphocyte, Myeloid",monocyte,NA,H3K4me3,BR1,PMA+LPS,U937_BR1_PMA+LPS,2,/GWD/bioinfo/projects/RD-Epigenetics-NetworkData/otar_020/GSK/chip-seq/project_2/bigwig/U937_PL_H3K4me3_ChIP-Seq_P2MonocyteMacrophage89_H3K4me3_P2MonocyteMacrophage89_bwa_samse_BR1TR1_edited.bw,NA
U937,"Pleura/pleural effusion, lymphocyte, Myeloid",monocyte,NA,H3K4me3,BR2,PMA+LPS,U937_BR2_PMA+LPS,2,/GWD/bioinfo/projects/RD-Epigenetics-NetworkData/otar_020/GSK/chip-seq/project_2/bigwig/U937_PL_H3K4me3_ChIP-Seq_P2MonocyteMacrophage89_H3K4me3_P2MonocyteMacrophage89_bwa_samse_BR2TR1_edited.bw,NA
U937,"Pleura/pleural effusion, lymphocyte, Myeloid",monocyte,NA,Control,BR1,PMA+LPS,U937_BR1_PMA+LPS,2,/GWD/bioinfo/projects/RD-Epigenetics-NetworkData/otar_020/GSK/chip-seq/project_2/bigwig/U937_PL_WCE_ChIP-Seq_Controlhist_no1_P2MonocyteMacrophage89_WCE_P2MonocyteMacrophage89_bwa_samse_BR1TR1_edited.bw,NA
U937,"Pleura/pleural effusion, lymphocyte, Myeloid",monocyte,NA,Control,BR1,PMA+LPS,U937_BR1_PMA+LPS,2,/GWD/bioinfo/projects/RD-Epigenetics-NetworkData/otar_020/GSK/chip-seq/project_2/bigwig/U937_PL_WCE_ChIP-Seq_Controlhist_no2_P2MonocyteMacrophage89_WCE_P2MonocyteMacrophage89_bwa_samse_BR1TR1_edited.bw,NA
U937,"Pleura/pleural effusion, lymphocyte, Myeloid",monocyte,NA,Control,BR1,PMA+LPS,U937_BR1_PMA+LPS,2,/GWD/bioinfo/projects/RD-Epigenetics-NetworkData/otar_020/GSK/chip-seq/project_2/bigwig/U937_PL_WCE_ChIP-Seq_Controlhist_no3_P2MonocyteMacrophage89_WCE_P2MonocyteMacrophage89_bwa_samse_BR1TR1_edited.bw,NA
U937,"Pleura/pleural effusion, lymphocyte, Myeloid",monocyte,NA,Control,BR1,PMA+LPS,U937_BR1_PMA+LPS,2,/GWD/bioinfo/projects/RD-Epigenetics-NetworkData/otar_020/GSK/chip-seq/project_2/bigwig/U937_PL_WCE_ChIP-Seq_Controlhist_no4_P2MonocyteMacrophage89_WCE_P2MonocyteMacrophage89_bwa_samse_BR1TR1_edited.bw,NA
U937,"Pleura/pleural effusion, lymphocyte, Myeloid",monocyte,NA,CTCF,BR1,PMA,U937_BR1_PMA,2,/GWD/bioinfo/projects/RD-Epigenetics-NetworkData/otar_020/GSK/chip-seq/project_2/bigwig/U937_P_CTCF_ChIP-Seq_P2MonocyteMacrophage89_CTCF_P2MonocyteMacrophage89_bwa_samse_BR1TR1_edited.bw,NA
U937,"Pleura/pleural effusion, lymphocyte, Myeloid",monocyte,NA,CTCF,BR2,PMA,U937_BR2_PMA,2,/GWD/bioinfo/projects/RD-Epigenetics-NetworkData/otar_020/GSK/chip-seq/project_2/bigwig/U937_P_CTCF_ChIP-Seq_P2MonocyteMacrophage89_CTCF_P2MonocyteMacrophage89_bwa_samse_BR2TR1_edited.bw,NA
U937,"Pleura/pleural effusion, lymphocyte, Myeloid",monocyte,NA,H3K27ac,BR1,PMA,U937_BR1_PMA,2,/GWD/bioinfo/projects/RD-Epigenetics-NetworkData/otar_020/GSK/chip-seq/project_2/bigwig/U937_P_H3K27ac_ChIP-Seq_P2MonocyteMacrophage89_H3K27ac_P2MonocyteMacrophage89_bwa_samse_BR1TR1_edited.bw,NA
U937,"Pleura/pleural effusion, lymphocyte, Myeloid",monocyte,NA,H3K27ac,BR2,PMA,U937_BR2_PMA,2,/GWD/bioinfo/projects/RD-Epigenetics-NetworkData/otar_020/GSK/chip-seq/project_2/bigwig/U937_P_H3K27ac_ChIP-Seq_P2MonocyteMacrophage89_H3K27ac_P2MonocyteMacrophage89_bwa_samse_BR2TR1_edited.bw,NA
U937,"Pleura/pleural effusion, lymphocyte, Myeloid",monocyte,NA,H3K4me3,BR1,PMA,U937_BR1_PMA,2,/GWD/bioinfo/projects/RD-Epigenetics-NetworkData/otar_020/GSK/chip-seq/project_2/bigwig/U937_P_H3K4me3_ChIP-Seq_P2MonocyteMacrophage89_H3K4me3_P2MonocyteMacrophage89_bwa_samse_BR1TR1_edited.bw,NA
U937,"Pleura/pleural effusion, lymphocyte, Myeloid",monocyte,NA,H3K4me3,BR2,PMA,U937_BR2_PMA,2,/GWD/bioinfo/projects/RD-Epigenetics-NetworkData/otar_020/GSK/chip-seq/project_2/bigwig/U937_P_H3K4me3_ChIP-Seq_P2MonocyteMacrophage89_H3K4me3_P2MonocyteMacrophage89_bwa_samse_BR2TR1_edited.bw,NA
U937,"Pleura/pleural effusion, lymphocyte, Myeloid",monocyte,NA,Control,BR1,PMA,U937_BR1_PMA,2,/GWD/bioinfo/projects/RD-Epigenetics-NetworkData/otar_020/GSK/chip-seq/project_2/bigwig/U937_P_WCE_ChIP-Seq_Controlhist_no1_P2MonocyteMacrophage89_WCE_P2MonocyteMacrophage89_bwa_samse_BR1TR1_edited.bw,NA
U937,"Pleura/pleural effusion, lymphocyte, Myeloid",monocyte,NA,Control,BR1,PMA,U937_BR1_PMA,2,/GWD/bioinfo/projects/RD-Epigenetics-NetworkData/otar_020/GSK/chip-seq/project_2/bigwig/U937_P_WCE_ChIP-Seq_Controlhist_no2_P2MonocyteMacrophage89_WCE_P2MonocyteMacrophage89_bwa_samse_BR1TR1_edited.bw,NA
U937,"Pleura/pleural effusion, lymphocyte, Myeloid",monocyte,NA,Control,BR1,PMA,U937_BR1_PMA,2,/GWD/bioinfo/projects/RD-Epigenetics-NetworkData/otar_020/GSK/chip-seq/project_2/bigwig/U937_P_WCE_ChIP-Seq_Controlhist_no3_P2MonocyteMacrophage89_WCE_P2MonocyteMacrophage89_bwa_samse_BR1TR1_edited.bw,NA
U937,"Pleura/pleural effusion, lymphocyte, Myeloid",monocyte,NA,Control,BR1,PMA,U937_BR1_PMA,2,/GWD/bioinfo/projects/RD-Epigenetics-NetworkData/otar_020/GSK/chip-seq/project_2/bigwig/U937_P_WCE_ChIP-Seq_Controlhist_no4_P2MonocyteMacrophage89_WCE_P2MonocyteMacrophage89_bwa_samse_BR1TR1_edited.bw,NA
U937,"Pleura/pleural effusion, lymphocyte, Myeloid",monocyte,NA,CTCF,BR1,VD3+LPS,U937_BR1_VD3+LPS,2,/GWD/bioinfo/projects/RD-Epigenetics-NetworkData/otar_020/GSK/chip-seq/project_2/bigwig/U937_VL_CTCF_ChIP-Seq_P2MonocyteMacrophage89_CTCF_P2MonocyteMacrophage89_bwa_samse_BR1TR1_edited.bw,NA
U937,"Pleura/pleural effusion, lymphocyte, Myeloid",monocyte,NA,CTCF,BR2,VD3+LPS,U937_BR2_VD3+LPS,2,/GWD/bioinfo/projects/RD-Epigenetics-NetworkData/otar_020/GSK/chip-seq/project_2/bigwig/U937_VL_CTCF_ChIP-Seq_P2MonocyteMacrophage89_CTCF_P2MonocyteMacrophage89_bwa_samse_BR2TR1_edited.bw,NA
U937,"Pleura/pleural effusion, lymphocyte, Myeloid",monocyte,NA,H3K27ac,BR1,VD3+LPS,U937_BR1_VD3+LPS,2,/GWD/bioinfo/projects/RD-Epigenetics-NetworkData/otar_020/GSK/chip-seq/project_2/bigwig/U937_VL_H3K27ac_ChIP-Seq_P2MonocyteMacrophage89_H3K27ac_P2MonocyteMacrophage89_bwa_samse_BR1TR1_edited.bw,NA
U937,"Pleura/pleural effusion, lymphocyte, Myeloid",monocyte,NA,H3K27ac,BR2,VD3+LPS,U937_BR2_VD3+LPS,2,/GWD/bioinfo/projects/RD-Epigenetics-NetworkData/otar_020/GSK/chip-seq/project_2/bigwig/U937_VL_H3K27ac_ChIP-Seq_P2MonocyteMacrophage89_H3K27ac_P2MonocyteMacrophage89_bwa_samse_BR2TR1_edited.bw,NA
U937,"Pleura/pleural effusion, lymphocyte, Myeloid",monocyte,NA,H3K4me3,BR1,VD3+LPS,U937_BR1_VD3+LPS,2,/GWD/bioinfo/projects/RD-Epigenetics-NetworkData/otar_020/GSK/chip-seq/project_2/bigwig/U937_VL_H3K4me3_ChIP-Seq_P2MonocyteMacrophage89_H3K4me3_P2MonocyteMacrophage89_bwa_samse_BR1TR1_edited.bw,NA
U937,"Pleura/pleural effusion, lymphocyte, Myeloid",monocyte,NA,H3K4me3,BR2,VD3+LPS,U937_BR2_VD3+LPS,2,/GWD/bioinfo/projects/RD-Epigenetics-NetworkData/otar_020/GSK/chip-seq/project_2/bigwig/U937_VL_H3K4me3_ChIP-Seq_P2MonocyteMacrophage89_H3K4me3_P2MonocyteMacrophage89_bwa_samse_BR2TR1_edited.bw,NA
U937,"Pleura/pleural effusion, lymphocyte, Myeloid",monocyte,NA,Control,BR1,VD3+LPS,U937_BR1_VD3+LPS,2,/GWD/bioinfo/projects/RD-Epigenetics-NetworkData/otar_020/GSK/chip-seq/project_2/bigwig/U937_VL_WCE_ChIP-Seq_ControlTF_no1_P2MonocyteMacrophage89_WCE_P2MonocyteMacrophage89_bwa_samse_BR1TR1_edited.bw,NA
U937,"Pleura/pleural effusion, lymphocyte, Myeloid",monocyte,NA,Control,BR1,VD3+LPS,U937_BR1_VD3+LPS,2,/GWD/bioinfo/projects/RD-Epigenetics-NetworkData/otar_020/GSK/chip-seq/project_2/bigwig/U937_VL_WCE_ChIP-Seq_ControlTF_no2_P2MonocyteMacrophage89_WCE_P2MonocyteMacrophage89_bwa_samse_BR1TR1_edited.bw,NA
U937,"Pleura/pleural effusion, lymphocyte, Myeloid",monocyte,NA,Control,BR1,VD3+LPS,U937_BR1_VD3+LPS,2,/GWD/bioinfo/projects/RD-Epigenetics-NetworkData/otar_020/GSK/chip-seq/project_2/bigwig/U937_VL_WCE_ChIP-Seq_ControlTF_no3_P2MonocyteMacrophage89_WCE_P2MonocyteMacrophage89_bwa_samse_BR1TR1_edited.bw,NA
U937,"Pleura/pleural effusion, lymphocyte, Myeloid",monocyte,NA,Control,BR1,VD3+LPS,U937_BR1_VD3+LPS,2,/GWD/bioinfo/projects/RD-Epigenetics-NetworkData/otar_020/GSK/chip-seq/project_2/bigwig/U937_VL_WCE_ChIP-Seq_ControlTF_no4_P2MonocyteMacrophage89_WCE_P2MonocyteMacrophage89_bwa_samse_BR1TR1_edited.bw,NA
U937,"Pleura/pleural effusion, lymphocyte, Myeloid",monocyte,NA,CTCF,BR1,VD3,U937_BR1_VD3,2,/GWD/bioinfo/projects/RD-Epigenetics-NetworkData/otar_020/GSK/chip-seq/project_2/bigwig/U937_V_CTCF_ChIP-Seq_P2MonocyteMacrophage89_CTCF_P2MonocyteMacrophage89_bwa_samse_BR1TR1_edited.bw,NA
U937,"Pleura/pleural effusion, lymphocyte, Myeloid",monocyte,NA,CTCF,BR2,VD3,U937_BR2_VD3,2,/GWD/bioinfo/projects/RD-Epigenetics-NetworkData/otar_020/GSK/chip-seq/project_2/bigwig/U937_V_CTCF_ChIP-Seq_P2MonocyteMacrophage89_CTCF_P2MonocyteMacrophage89_bwa_samse_BR2TR1_edited.bw,NA
U937,"Pleura/pleural effusion, lymphocyte, Myeloid",monocyte,NA,H3K27ac,BR1,VD3,U937_BR1_VD3,2,/GWD/bioinfo/projects/RD-Epigenetics-NetworkData/otar_020/GSK/chip-seq/project_2/bigwig/U937_V_H3K27ac_ChIP-Seq_P2MonocyteMacrophage89_H3K27ac_P2MonocyteMacrophage89_bwa_samse_BR1TR1_edited.bw,NA
U937,"Pleura/pleural effusion, lymphocyte, Myeloid",monocyte,NA,H3K27ac,BR2,VD3,U937_BR2_VD3,2,/GWD/bioinfo/projects/RD-Epigenetics-NetworkData/otar_020/GSK/chip-seq/project_2/bigwig/U937_V_H3K27ac_ChIP-Seq_P2MonocyteMacrophage89_H3K27ac_P2MonocyteMacrophage89_bwa_samse_BR2TR1_edited.bw,NA
U937,"Pleura/pleural effusion, lymphocyte, Myeloid",monocyte,NA,H3K4me3,BR1,VD3,U937_BR1_VD3,2,/GWD/bioinfo/projects/RD-Epigenetics-NetworkData/otar_020/GSK/chip-seq/project_2/bigwig/U937_V_H3K4me3_ChIP-Seq_P2MonocyteMacrophage89_H3K4me3_P2MonocyteMacrophage89_bwa_samse_BR1TR1_edited.bw,NA
U937,"Pleura/pleural effusion, lymphocyte, Myeloid",monocyte,NA,H3K4me3,BR2,VD3,U937_BR2_VD3,2,/GWD/bioinfo/projects/RD-Epigenetics-NetworkData/otar_020/GSK/chip-seq/project_2/bigwig/U937_V_H3K4me3_ChIP-Seq_P2MonocyteMacrophage89_H3K4me3_P2MonocyteMacrophage89_bwa_samse_BR2TR1_edited.bw,NA
U937,"Pleura/pleural effusion, lymphocyte, Myeloid",monocyte,NA,Control,BR1,VD3,U937_BR1_VD3,2,/GWD/bioinfo/projects/RD-Epigenetics-NetworkData/otar_020/GSK/chip-seq/project_2/bigwig/U937_V_WCE_ChIP-Seq_ControlTF_no1_P2MonocyteMacrophage89_WCE_P2MonocyteMacrophage89_bwa_samse_BR1TR1_edited.bw,NA
U937,"Pleura/pleural effusion, lymphocyte, Myeloid",monocyte,NA,Control,BR1,VD3,U937_BR1_VD3,2,/GWD/bioinfo/projects/RD-Epigenetics-NetworkData/otar_020/GSK/chip-seq/project_2/bigwig/U937_V_WCE_ChIP-Seq_ControlTF_no2_P2MonocyteMacrophage89_WCE_P2MonocyteMacrophage89_bwa_samse_BR1TR1_edited.bw,NA
U937,"Pleura/pleural effusion, lymphocyte, Myeloid",monocyte,NA,Control,BR1,VD3,U937_BR1_VD3,2,/GWD/bioinfo/projects/RD-Epigenetics-NetworkData/otar_020/GSK/chip-seq/project_2/bigwig/U937_V_WCE_ChIP-Seq_ControlTF_no3_P2MonocyteMacrophage89_WCE_P2MonocyteMacrophage89_bwa_samse_BR1TR1_edited.bw,NA
U937,"Pleura/pleural effusion, lymphocyte, Myeloid",monocyte,NA,Control,BR1,VD3,U937_BR1_VD3,2,/GWD/bioinfo/projects/RD-Epigenetics-NetworkData/otar_020/GSK/chip-seq/project_2/bigwig/U937_V_WCE_ChIP-Seq_ControlTF_no4_P2MonocyteMacrophage89_WCE_P2MonocyteMacrophage89_bwa_samse_BR1TR1_edited.bw,NA
U937,"Pleura/pleural effusion, lymphocyte, Myeloid",monocyte,NA,Input,BR1,Baseline,U937_BR1_Baseline,2,/GWD/bioinfo/projects/RD-Epigenetics-NetworkData/otar_020/GSK/chip-seq/project_2/bigwig/U937_WCE_ChIP-Seq_ControlTF_no1_P2MonocyteMacrophage89_WCE_P2MonocyteMacrophage89_bwa_samse_BR1TR1_edited.bw,NA
U937,"Pleura/pleural effusion, lymphocyte, Myeloid",monocyte,NA,Input,BR1,Baseline,U937_BR1_Baseline,2,/GWD/bioinfo/projects/RD-Epigenetics-NetworkData/otar_020/GSK/chip-seq/project_2/bigwig/U937_WCE_ChIP-Seq_ControlTF_no2_P2MonocyteMacrophage89_WCE_P2MonocyteMacrophage89_bwa_samse_BR1TR1_edited.bw,NA
U937,"Pleura/pleural effusion, lymphocyte, Myeloid",monocyte,NA,Input,BR1,Baseline,U937_BR1_Baseline,2,/GWD/bioinfo/projects/RD-Epigenetics-NetworkData/otar_020/GSK/chip-seq/project_2/bigwig/U937_WCE_ChIP-Seq_ControlTF_no3_P2MonocyteMacrophage89_WCE_P2MonocyteMacrophage89_bwa_samse_BR1TR1_edited.bw,NA
U937,"Pleura/pleural effusion, lymphocyte, Myeloid",monocyte,NA,Input,BR1,Baseline,U937_BR1_Baseline,2,/GWD/bioinfo/projects/RD-Epigenetics-NetworkData/otar_020/GSK/chip-seq/project_2/bigwig/U937_WCE_ChIP-Seq_ControlTF_no4_P2MonocyteMacrophage89_WCE_P2MonocyteMacrophage89_bwa_samse_BR1TR1_edited.bw,NA
THP-1,peripheral blood,monocyte,monocyte,H3K27me3,BR1,LPS,THP-1_BR1_LPS,2,/GWD/bioinfo/projects/RD-Epigenetics-NetworkData/otar_020/GSK/chip-seq/project_2/bigwig/THP1_CL_H3K27me3_ChIP-Seq_P2MonocyteMacrophage89_H3K27me3_P2MonocyteMacrophage89_bwa_samse_BR1TR1_edited.bw,NA
THP-1,peripheral blood,monocyte,monocyte,H3K27me3,BR2,LPS,THP-1_BR2_LPS,2,/GWD/bioinfo/projects/RD-Epigenetics-NetworkData/otar_020/GSK/chip-seq/project_2/bigwig/THP1_CL_H3K27me3_ChIP-Seq_P2MonocyteMacrophage89_H3K27me3_P2MonocyteMacrophage89_bwa_samse_BR2TR1_edited.bw,NA
THP-1,peripheral blood,monocyte,monocyte,H3K27me3,BR1,Baseline,THP-1_BR1_Baseline,2,/GWD/bioinfo/projects/RD-Epigenetics-NetworkData/otar_020/GSK/chip-seq/project_2/bigwig/THP1_H3K27me3_ChIP-Seq_P2MonocyteMacrophage89_H3K27me3_P2MonocyteMacrophage89_bwa_samse_BR1TR1_edited.bw,NA
THP-1,peripheral blood,monocyte,monocyte,H3K27me3,BR2,Baseline,THP-1_BR2_Baseline,2,/GWD/bioinfo/projects/RD-Epigenetics-NetworkData/otar_020/GSK/chip-seq/project_2/bigwig/THP1_H3K27me3_ChIP-Seq_P2MonocyteMacrophage89_H3K27me3_P2MonocyteMacrophage89_bwa_samse_BR2TR1_edited.bw,NA
THP-1,peripheral blood,monocyte,monocyte,H3K27me3,BR1,PMA,THP-1_BR1_PMA,2,/GWD/bioinfo/projects/RD-Epigenetics-NetworkData/otar_020/GSK/chip-seq/project_2/bigwig/THP1_P_H3K27me3_ChIP-Seq_P2MonocyteMacrophage89_H3K27me3_P2MonocyteMacrophage89_bwa_samse_BR1TR1_edited.bw,NA
THP-1,peripheral blood,monocyte,monocyte,H3K27me3,BR2,PMA,THP-1_BR2_PMA,2,/GWD/bioinfo/projects/RD-Epigenetics-NetworkData/otar_020/GSK/chip-seq/project_2/bigwig/THP1_P_H3K27me3_ChIP-Seq_P2MonocyteMacrophage89_H3K27me3_P2MonocyteMacrophage89_bwa_samse_BR2TR1_edited.bw,NA
THP-1,peripheral blood,monocyte,monocyte,H3K27me3,BR1,PMA+LPS,THP-1_BR1_PMA+LPS,2,/GWD/bioinfo/projects/RD-Epigenetics-NetworkData/otar_020/GSK/chip-seq/project_2/bigwig/THP1_PL_H3K27me3_ChIP-Seq_P2MonocyteMacrophage89_H3K27me3_P2MonocyteMacrophage89_bwa_samse_BR1TR1_edited.bw,NA
THP-1,peripheral blood,monocyte,monocyte,H3K27me3,BR2,PMA+LPS,THP-1_BR2_PMA+LPS,2,/GWD/bioinfo/projects/RD-Epigenetics-NetworkData/otar_020/GSK/chip-seq/project_2/bigwig/THP1_PL_H3K27me3_ChIP-Seq_P2MonocyteMacrophage89_H3K27me3_P2MonocyteMacrophage89_bwa_samse_BR2TR1_edited.bw,NA
THP-1,peripheral blood,monocyte,monocyte,H3K27me3,BR1,VD3,THP-1_BR1_VD3,2,/GWD/bioinfo/projects/RD-Epigenetics-NetworkData/otar_020/GSK/chip-seq/project_2/bigwig/THP1_V_H3K27me3_ChIP-Seq_P2MonocyteMacrophage89_H3K27me3_P2MonocyteMacrophage89_bwa_samse_BR1TR1_edited.bw,NA
THP-1,peripheral blood,monocyte,monocyte,H3K27me3,BR2,VD3,THP-1_BR2_VD3,2,/GWD/bioinfo/projects/RD-Epigenetics-NetworkData/otar_020/GSK/chip-seq/project_2/bigwig/THP1_V_H3K27me3_ChIP-Seq_P2MonocyteMacrophage89_H3K27me3_P2MonocyteMacrophage89_bwa_samse_BR2TR1_edited.bw,NA
THP-1,peripheral blood,monocyte,monocyte,H3K27me3,BR1,VD3+LPS,THP-1_BR1_VD3+LPS,2,/GWD/bioinfo/projects/RD-Epigenetics-NetworkData/otar_020/GSK/chip-seq/project_2/bigwig/THP1_VL_H3K27me3_ChIP-Seq_P2MonocyteMacrophage89_H3K27me3_P2MonocyteMacrophage89_bwa_samse_BR1TR1_edited.bw,NA
THP-1,peripheral blood,monocyte,monocyte,H3K27me3,BR2,VD3+LPS,THP-1_BR2_VD3+LPS,2,/GWD/bioinfo/projects/RD-Epigenetics-NetworkData/otar_020/GSK/chip-seq/project_2/bigwig/THP1_VL_H3K27me3_ChIP-Seq_P2MonocyteMacrophage89_H3K27me3_P2MonocyteMacrophage89_bwa_samse_BR2TR1_edited.bw,NA
U937,"Pleura/pleural effusion, lymphocyte, Myeloid",monocyte,NA,H3K27me3,BR1,LPS,U937_BR1_LPS,2,/GWD/bioinfo/projects/RD-Epigenetics-NetworkData/otar_020/GSK/chip-seq/project_2/bigwig/U937_CL_H3K27me3_ChIP-Seq_P2MonocyteMacrophage89_H3K27me3_P2MonocyteMacrophage89_bwa_samse_BR1TR1_edited.bw,NA
U937,"Pleura/pleural effusion, lymphocyte, Myeloid",monocyte,NA,H3K27me3,BR2,LPS,U937_BR2_LPS,2,/GWD/bioinfo/projects/RD-Epigenetics-NetworkData/otar_020/GSK/chip-seq/project_2/bigwig/U937_CL_H3K27me3_ChIP-Seq_P2MonocyteMacrophage89_H3K27me3_P2MonocyteMacrophage89_bwa_samse_BR2TR1_edited.bw,NA
U937,"Pleura/pleural effusion, lymphocyte, Myeloid",monocyte,NA,H3K27me3,BR1,Baseline,U937_BR1_Baseline,2,/GWD/bioinfo/projects/RD-Epigenetics-NetworkData/otar_020/GSK/chip-seq/project_2/bigwig/U937_H3K27me3_ChIP-Seq_P2MonocyteMacrophage89_H3K27me3_P2MonocyteMacrophage89_bwa_samse_BR1TR1_edited.bw,NA
U937,"Pleura/pleural effusion, lymphocyte, Myeloid",monocyte,NA,H3K27me3,BR2,Baseline,U937_BR2_Baseline,2,/GWD/bioinfo/projects/RD-Epigenetics-NetworkData/otar_020/GSK/chip-seq/project_2/bigwig/U937_H3K27me3_ChIP-Seq_P2MonocyteMacrophage89_H3K27me3_P2MonocyteMacrophage89_bwa_samse_BR2TR1_edited.bw,NA
U937,"Pleura/pleural effusion, lymphocyte, Myeloid",monocyte,NA,H3K27me3,BR1,PMA,U937_BR1_PMA,2,/GWD/bioinfo/projects/RD-Epigenetics-NetworkData/otar_020/GSK/chip-seq/project_2/bigwig/U937_P_H3K27me3_ChIP-Seq_P2MonocyteMacrophage89_H3K27me3_P2MonocyteMacrophage89_bwa_samse_BR1TR1_edited.bw,NA
U937,"Pleura/pleural effusion, lymphocyte, Myeloid",monocyte,NA,H3K27me3,BR2,PMA,U937_BR2_PMA,2,/GWD/bioinfo/projects/RD-Epigenetics-NetworkData/otar_020/GSK/chip-seq/project_2/bigwig/U937_P_H3K27me3_ChIP-Seq_P2MonocyteMacrophage89_H3K27me3_P2MonocyteMacrophage89_bwa_samse_BR2TR1_edited.bw,NA
U937,"Pleura/pleural effusion, lymphocyte, Myeloid",monocyte,NA,H3K27me3,BR1,PMA+LPS,U937_BR1_PMA+LPS,2,/GWD/bioinfo/projects/RD-Epigenetics-NetworkData/otar_020/GSK/chip-seq/project_2/bigwig/U937_PL_H3K27me3_ChIP-Seq_P2MonocyteMacrophage89_H3K27me3_P2MonocyteMacrophage89_bwa_samse_BR1TR1_edited.bw,NA
U937,"Pleura/pleural effusion, lymphocyte, Myeloid",monocyte,NA,H3K27me3,BR2,PMA+LPS,U937_BR2_PMA+LPS,2,/GWD/bioinfo/projects/RD-Epigenetics-NetworkData/otar_020/GSK/chip-seq/project_2/bigwig/U937_PL_H3K27me3_ChIP-Seq_P2MonocyteMacrophage89_H3K27me3_P2MonocyteMacrophage89_bwa_samse_BR2TR1_edited.bw,NA
U937,"Pleura/pleural effusion, lymphocyte, Myeloid",monocyte,NA,H3K27me3,BR1,VD3,U937_BR1_VD3,2,/GWD/bioinfo/projects/RD-Epigenetics-NetworkData/otar_020/GSK/chip-seq/project_2/bigwig/U937_V_H3K27me3_ChIP-Seq_P2MonocyteMacrophage89_H3K27me3_P2MonocyteMacrophage89_bwa_samse_BR1TR1_edited.bw,NA
U937,"Pleura/pleural effusion, lymphocyte, Myeloid",monocyte,NA,H3K27me3,BR2,VD3,U937_BR2_VD3,2,/GWD/bioinfo/projects/RD-Epigenetics-NetworkData/otar_020/GSK/chip-seq/project_2/bigwig/U937_V_H3K27me3_ChIP-Seq_P2MonocyteMacrophage89_H3K27me3_P2MonocyteMacrophage89_bwa_samse_BR2TR1_edited.bw,NA
U937,"Pleura/pleural effusion, lymphocyte, Myeloid",monocyte,NA,H3K27me3,BR1,VD3+LPS,U937_BR1_VD3+LPS,2,/GWD/bioinfo/projects/RD-Epigenetics-NetworkData/otar_020/GSK/chip-seq/project_2/bigwig/U937_VL_H3K27me3_ChIP-Seq_P2MonocyteMacrophage89_H3K27me3_P2MonocyteMacrophage89_bwa_samse_BR1TR1_edited.bw,NA
U937,"Pleura/pleural effusion, lymphocyte, Myeloid",monocyte,NA,H3K27me3,BR2,VD3+LPS,U937_BR2_VD3+LPS,2,/GWD/bioinfo/projects/RD-Epigenetics-NetworkData/otar_020/GSK/chip-seq/project_2/bigwig/U937_VL_H3K27me3_ChIP-Seq_P2MonocyteMacrophage89_H3K27me3_P2MonocyteMacrophage89_bwa_samse_BR2TR1_edited.bw,NA
NHBE,NA,NA,NA,CTCF,BR1,Baseline,NHBE_BR1_Baseline,3,/GWD/bioinfo/projects/RD-Epigenetics-NetworkData/otar_020/GSK/chip-seq/project_3/bigwig/NHBE_CTCF_ChIP-Seq_P3Lungepitheliacelltypes89_CTCF_P3Lungepitheliacelltypes89_bwa_samse_BR1TR1_edited.bw,NA
NHBE,NA,NA,NA,CTCF,BR2,Baseline,NHBE_BR2_Baseline,3,/GWD/bioinfo/projects/RD-Epigenetics-NetworkData/otar_020/GSK/chip-seq/project_3/bigwig/NHBE_CTCF_ChIP-Seq_P3Lungepitheliacelltypes89_CTCF_P3Lungepitheliacelltypes89_bwa_samse_BR2TR1_edited.bw,NA
NHBE,NA,NA,NA,CTCF,BR3,Baseline,NHBE_BR3_Baseline,3,/GWD/bioinfo/projects/RD-Epigenetics-NetworkData/otar_020/GSK/chip-seq/project_3/bigwig/NHBE_CTCF_ChIP-Seq_P3Lungepitheliacelltypes89_CTCF_P3Lungepitheliacelltypes89_bwa_samse_BR3TR1_edited.bw,NA
NHBE,NA,NA,NA,H3K27ac,BR1,Baseline,NHBE_BR1_Baseline,3,/GWD/bioinfo/projects/RD-Epigenetics-NetworkData/otar_020/GSK/chip-seq/project_3/bigwig/NHBE_H3K27ac_ChIP-Seq_P3Lungepitheliacelltypes89_H3K27ac_P3Lungepitheliacelltypes89_bwa_samse_BR1TR1_edited.bw,NA
NHBE,NA,NA,NA,H3K27ac,BR2,Baseline,NHBE_BR2_Baseline,3,/GWD/bioinfo/projects/RD-Epigenetics-NetworkData/otar_020/GSK/chip-seq/project_3/bigwig/NHBE_H3K27ac_ChIP-Seq_P3Lungepitheliacelltypes89_H3K27ac_P3Lungepitheliacelltypes89_bwa_samse_BR2TR1_edited.bw,NA
NHBE,NA,NA,NA,H3K27ac,BR3,Baseline,NHBE_BR3_Baseline,3,/GWD/bioinfo/projects/RD-Epigenetics-NetworkData/otar_020/GSK/chip-seq/project_3/bigwig/NHBE_H3K27ac_ChIP-Seq_P3Lungepitheliacelltypes89_H3K27ac_P3Lungepitheliacelltypes89_bwa_samse_BR3TR1_edited.bw,NA
NHBE,NA,NA,NA,H3K27me3,BR1,Baseline,NHBE_BR1_Baseline,3,/GWD/bioinfo/projects/RD-Epigenetics-NetworkData/otar_020/GSK/chip-seq/project_3/bigwig/NHBE_H3K27me3_ChIP-Seq_P3Lungepitheliacelltypes89_H3K27me3_P3Lungepitheliacelltypes89_bwa_samse_BR1TR1_edited.bw,NA
NHBE,NA,NA,NA,H3K27me3,BR2,Baseline,NHBE_BR2_Baseline,3,/GWD/bioinfo/projects/RD-Epigenetics-NetworkData/otar_020/GSK/chip-seq/project_3/bigwig/NHBE_H3K27me3_ChIP-Seq_P3Lungepitheliacelltypes89_H3K27me3_P3Lungepitheliacelltypes89_bwa_samse_BR2TR1_edited.bw,NA
NHBE,NA,NA,NA,H3K27me3,BR3,Baseline,NHBE_BR3_Baseline,3,/GWD/bioinfo/projects/RD-Epigenetics-NetworkData/otar_020/GSK/chip-seq/project_3/bigwig/NHBE_H3K27me3_ChIP-Seq_P3Lungepitheliacelltypes89_H3K27me3_P3Lungepitheliacelltypes89_bwa_samse_BR3TR1_edited.bw,NA
NHBE,NA,NA,NA,H3K4me3,BR1,Baseline,NHBE_BR1_Baseline,3,/GWD/bioinfo/projects/RD-Epigenetics-NetworkData/otar_020/GSK/chip-seq/project_3/bigwig/NHBE_H3K4me3_ChIP-Seq_P3Lungepitheliacelltypes89_H3K4me3_P3Lungepitheliacelltypes89_bwa_samse_BR1TR1_edited.bw,NA
NHBE,NA,NA,NA,H3K4me3,BR2,Baseline,NHBE_BR2_Baseline,3,/GWD/bioinfo/projects/RD-Epigenetics-NetworkData/otar_020/GSK/chip-seq/project_3/bigwig/NHBE_H3K4me3_ChIP-Seq_P3Lungepitheliacelltypes89_H3K4me3_P3Lungepitheliacelltypes89_bwa_samse_BR2TR1_edited.bw,NA
NHBE,NA,NA,NA,H3K4me3,BR3,Baseline,NHBE_BR3_Baseline,3,/GWD/bioinfo/projects/RD-Epigenetics-NetworkData/otar_020/GSK/chip-seq/project_3/bigwig/NHBE_H3K4me3_ChIP-Seq_P3Lungepitheliacelltypes89_H3K4me3_P3Lungepitheliacelltypes89_bwa_samse_BR3TR1_edited.bw,NA
THP-1,peripheral blood,monocyte,monocyte,ATAC,BR1,Baseline,THP-1_BR1_Baseline,2,/GWD/bioinfo/projects/RD-Epigenetics-NetworkData/otar_020/GSK/atac-seq/project_2/bigwig/THP1_CTR_ATAC_ATAC-seq_P2MonocyteMacrophage87_ATAC_P2MonocyteMacrophage87_bwa_samse_BR1TR1_edited.bw,/GWD/bioinfo/projects/RD-Epigenetics-NetworkData/otar_020/GSK/atac-seq/project_2/bam/THP1_CTR_ATAC_ATAC-seq_P2MonocyteMacrophage87_ATAC_P2MonocyteMacrophage87_bwa_samse_BR1TR1_edited.bam
THP-1,peripheral blood,monocyte,monocyte,ATAC,BR2,Baseline,THP-1_BR2_Baseline,2,/GWD/bioinfo/projects/RD-Epigenetics-NetworkData/otar_020/GSK/atac-seq/project_2/bigwig/THP1_CTR_ATAC_ATAC-seq_P2MonocyteMacrophage87_ATAC_P2MonocyteMacrophage87_bwa_samse_BR2TR1_edited.bw,/GWD/bioinfo/projects/RD-Epigenetics-NetworkData/otar_020/GSK/atac-seq/project_2/bam/THP1_CTR_ATAC_ATAC-seq_P2MonocyteMacrophage87_ATAC_P2MonocyteMacrophage87_bwa_samse_BR2TR1_edited.bam
THP-1,peripheral blood,monocyte,monocyte,ATAC,BR1,LPS,THP-1_BR1_LPS,2,/GWD/bioinfo/projects/RD-Epigenetics-NetworkData/otar_020/GSK/atac-seq/project_2/bigwig/THP1_CTR_LPS_ATAC_ATAC-seq_P2MonocyteMacrophage87_ATAC_P2MonocyteMacrophage87_bwa_samse_BR1TR1_edited.bw,/GWD/bioinfo/projects/RD-Epigenetics-NetworkData/otar_020/GSK/atac-seq/project_2/bam/THP1_CTR_LPS_ATAC_ATAC-seq_P2MonocyteMacrophage87_ATAC_P2MonocyteMacrophage87_bwa_samse_BR1TR1_edited.bam
THP-1,peripheral blood,monocyte,monocyte,ATAC,BR2,LPS,THP-1_BR2_LPS,2,/GWD/bioinfo/projects/RD-Epigenetics-NetworkData/otar_020/GSK/atac-seq/project_2/bigwig/THP1_CTR_LPS_ATAC_ATAC-seq_P2MonocyteMacrophage87_ATAC_P2MonocyteMacrophage87_bwa_samse_BR2TR1_edited.bw,/GWD/bioinfo/projects/RD-Epigenetics-NetworkData/otar_020/GSK/atac-seq/project_2/bam/THP1_CTR_LPS_ATAC_ATAC-seq_P2MonocyteMacrophage87_ATAC_P2MonocyteMacrophage87_bwa_samse_BR2TR1_edited.bam
THP-1,peripheral blood,monocyte,monocyte,ATAC,BR1,PMA,THP-1_BR1_PMA,2,/GWD/bioinfo/projects/RD-Epigenetics-NetworkData/otar_020/GSK/atac-seq/project_2/bigwig/THP1_PMA_ATAC_ATAC-seq_P2MonocyteMacrophage87_ATAC_P2MonocyteMacrophage87_bwa_samse_BR1TR1_edited.bw,/GWD/bioinfo/projects/RD-Epigenetics-NetworkData/otar_020/GSK/atac-seq/project_2/bam/THP1_PMA_ATAC_ATAC-seq_P2MonocyteMacrophage87_ATAC_P2MonocyteMacrophage87_bwa_samse_BR1TR1_edited.bam
THP-1,peripheral blood,monocyte,monocyte,ATAC,BR2,PMA,THP-1_BR2_PMA,2,/GWD/bioinfo/projects/RD-Epigenetics-NetworkData/otar_020/GSK/atac-seq/project_2/bigwig/THP1_PMA_ATAC_ATAC-seq_P2MonocyteMacrophage87_ATAC_P2MonocyteMacrophage87_bwa_samse_BR2TR1_edited.bw,/GWD/bioinfo/projects/RD-Epigenetics-NetworkData/otar_020/GSK/atac-seq/project_2/bam/THP1_PMA_ATAC_ATAC-seq_P2MonocyteMacrophage87_ATAC_P2MonocyteMacrophage87_bwa_samse_BR2TR1_edited.bam
THP-1,peripheral blood,monocyte,monocyte,ATAC,BR1,PMA+LPS,THP-1_BR1_PMA+LPS,2,/GWD/bioinfo/projects/RD-Epigenetics-NetworkData/otar_020/GSK/atac-seq/project_2/bigwig/THP1_PMA_LPS_ATAC_ATAC-seq_P2MonocyteMacrophage87_ATAC_P2MonocyteMacrophage87_bwa_samse_BR1TR1_edited.bw,/GWD/bioinfo/projects/RD-Epigenetics-NetworkData/otar_020/GSK/atac-seq/project_2/bam/THP1_PMA_LPS_ATAC_ATAC-seq_P2MonocyteMacrophage87_ATAC_P2MonocyteMacrophage87_bwa_samse_BR1TR1_edited.bam
THP-1,peripheral blood,monocyte,monocyte,ATAC,BR2,PMA+LPS,THP-1_BR2_PMA+LPS,2,/GWD/bioinfo/projects/RD-Epigenetics-NetworkData/otar_020/GSK/atac-seq/project_2/bigwig/THP1_PMA_LPS_ATAC_ATAC-seq_P2MonocyteMacrophage87_ATAC_P2MonocyteMacrophage87_bwa_samse_BR2TR1_edited.bw,/GWD/bioinfo/projects/RD-Epigenetics-NetworkData/otar_020/GSK/atac-seq/project_2/bam/THP1_PMA_LPS_ATAC_ATAC-seq_P2MonocyteMacrophage87_ATAC_P2MonocyteMacrophage87_bwa_samse_BR2TR1_edited.bam
THP-1,peripheral blood,monocyte,monocyte,ATAC,BR1,VD3,THP-1_BR1_VD3,2,/GWD/bioinfo/projects/RD-Epigenetics-NetworkData/otar_020/GSK/atac-seq/project_2/bigwig/THP1_VD3_ATAC_ATAC-seq_P2MonocyteMacrophage87_ATAC_P2MonocyteMacrophage87_bwa_samse_BR1TR1_edited.bw,/GWD/bioinfo/projects/RD-Epigenetics-NetworkData/otar_020/GSK/atac-seq/project_2/bam/THP1_VD3_ATAC_ATAC-seq_P2MonocyteMacrophage87_ATAC_P2MonocyteMacrophage87_bwa_samse_BR1TR1_edited.bam
THP-1,peripheral blood,monocyte,monocyte,ATAC,BR1,VD3+LPS,THP-1_BR1_VD3+LPS,2,/GWD/bioinfo/projects/RD-Epigenetics-NetworkData/otar_020/GSK/atac-seq/project_2/bigwig/THP1_VD3_LPS_ATAC_ATAC-seq_P2MonocyteMacrophage87_ATAC_P2MonocyteMacrophage87_bwa_samse_BR1TR1_edited.bw,/GWD/bioinfo/projects/RD-Epigenetics-NetworkData/otar_020/GSK/atac-seq/project_2/bam/THP1_VD3_LPS_ATAC_ATAC-seq_P2MonocyteMacrophage87_ATAC_P2MonocyteMacrophage87_bwa_samse_BR1TR1_edited.bam
U937,"Pleura/pleural effusion, lymphocyte, Myeloid",monocyte,NA,ATAC,BR1,Baseline,U937_BR1_Baseline,2,/GWD/bioinfo/projects/RD-Epigenetics-NetworkData/otar_020/GSK/atac-seq/project_2/bigwig/U937_CTR_ATAC_ATAC-seq_P2MonocyteMacrophage87_ATAC_P2MonocyteMacrophage87_bwa_samse_BR1TR1_edited.bw,/GWD/bioinfo/projects/RD-Epigenetics-NetworkData/otar_020/GSK/atac-seq/project_2/bam/U937_CTR_ATAC_ATAC-seq_P2MonocyteMacrophage87_ATAC_P2MonocyteMacrophage87_bwa_samse_BR1TR1_edited.bam
U937,"Pleura/pleural effusion, lymphocyte, Myeloid",monocyte,NA,ATAC,BR2,Baseline,U937_BR2_Baseline,2,/GWD/bioinfo/projects/RD-Epigenetics-NetworkData/otar_020/GSK/atac-seq/project_2/bigwig/U937_CTR_ATAC_ATAC-seq_P2MonocyteMacrophage87_ATAC_P2MonocyteMacrophage87_bwa_samse_BR2TR1_edited.bw,/GWD/bioinfo/projects/RD-Epigenetics-NetworkData/otar_020/GSK/atac-seq/project_2/bam/U937_CTR_ATAC_ATAC-seq_P2MonocyteMacrophage87_ATAC_P2MonocyteMacrophage87_bwa_samse_BR2TR1_edited.bam
U937,"Pleura/pleural effusion, lymphocyte, Myeloid",monocyte,NA,ATAC,BR1,LPS,U937_BR1_LPS,2,/GWD/bioinfo/projects/RD-Epigenetics-NetworkData/otar_020/GSK/atac-seq/project_2/bigwig/U937_CTR_LPS_ATAC_ATAC-seq_P2MonocyteMacrophage87_ATAC_P2MonocyteMacrophage87_bwa_samse_BR1TR1_edited.bw,/GWD/bioinfo/projects/RD-Epigenetics-NetworkData/otar_020/GSK/atac-seq/project_2/bam/U937_CTR_LPS_ATAC_ATAC-seq_P2MonocyteMacrophage87_ATAC_P2MonocyteMacrophage87_bwa_samse_BR1TR1_edited.bam
U937,"Pleura/pleural effusion, lymphocyte, Myeloid",monocyte,NA,ATAC,BR2,LPS,U937_BR2_LPS,2,/GWD/bioinfo/projects/RD-Epigenetics-NetworkData/otar_020/GSK/atac-seq/project_2/bigwig/U937_CTR_LPS_ATAC_ATAC-seq_P2MonocyteMacrophage87_ATAC_P2MonocyteMacrophage87_bwa_samse_BR2TR1_edited.bw,/GWD/bioinfo/projects/RD-Epigenetics-NetworkData/otar_020/GSK/atac-seq/project_2/bam/U937_CTR_LPS_ATAC_ATAC-seq_P2MonocyteMacrophage87_ATAC_P2MonocyteMacrophage87_bwa_samse_BR2TR1_edited.bam
U937,"Pleura/pleural effusion, lymphocyte, Myeloid",monocyte,NA,ATAC,BR1,PMA,U937_BR1_PMA,2,/GWD/bioinfo/projects/RD-Epigenetics-NetworkData/otar_020/GSK/atac-seq/project_2/bigwig/U937_PMA_ATAC_ATAC-seq_P2MonocyteMacrophage87_ATAC_P2MonocyteMacrophage87_bwa_samse_BR1TR1_edited.bw,/GWD/bioinfo/projects/RD-Epigenetics-NetworkData/otar_020/GSK/atac-seq/project_2/bam/U937_PMA_ATAC_ATAC-seq_P2MonocyteMacrophage87_ATAC_P2MonocyteMacrophage87_bwa_samse_BR1TR1_edited.bam
U937,"Pleura/pleural effusion, lymphocyte, Myeloid",monocyte,NA,ATAC,BR2,PMA,U937_BR2_PMA,2,/GWD/bioinfo/projects/RD-Epigenetics-NetworkData/otar_020/GSK/atac-seq/project_2/bigwig/U937_PMA_ATAC_ATAC-seq_P2MonocyteMacrophage87_ATAC_P2MonocyteMacrophage87_bwa_samse_BR2TR1_edited.bw,/GWD/bioinfo/projects/RD-Epigenetics-NetworkData/otar_020/GSK/atac-seq/project_2/bam/U937_PMA_ATAC_ATAC-seq_P2MonocyteMacrophage87_ATAC_P2MonocyteMacrophage87_bwa_samse_BR2TR1_edited.bam
U937,"Pleura/pleural effusion, lymphocyte, Myeloid",monocyte,NA,ATAC,BR1,PMA+LPS,U937_BR1_PMA+LPS,2,/GWD/bioinfo/projects/RD-Epigenetics-NetworkData/otar_020/GSK/atac-seq/project_2/bigwig/U937_PMA_LPS_ATAC_ATAC-seq_P2MonocyteMacrophage87_ATAC_P2MonocyteMacrophage87_bwa_samse_BR1TR1_edited.bw,/GWD/bioinfo/projects/RD-Epigenetics-NetworkData/otar_020/GSK/atac-seq/project_2/bam/U937_PMA_LPS_ATAC_ATAC-seq_P2MonocyteMacrophage87_ATAC_P2MonocyteMacrophage87_bwa_samse_BR1TR1_edited.bam
U937,"Pleura/pleural effusion, lymphocyte, Myeloid",monocyte,NA,ATAC,BR2,PMA+LPS,U937_BR2_PMA+LPS,2,/GWD/bioinfo/projects/RD-Epigenetics-NetworkData/otar_020/GSK/atac-seq/project_2/bigwig/U937_PMA_LPS_ATAC_ATAC-seq_P2MonocyteMacrophage87_ATAC_P2MonocyteMacrophage87_bwa_samse_BR2TR1_edited.bw,/GWD/bioinfo/projects/RD-Epigenetics-NetworkData/otar_020/GSK/atac-seq/project_2/bam/U937_PMA_LPS_ATAC_ATAC-seq_P2MonocyteMacrophage87_ATAC_P2MonocyteMacrophage87_bwa_samse_BR2TR1_edited.bam
U937,"Pleura/pleural effusion, lymphocyte, Myeloid",monocyte,NA,ATAC,BR1,VD3,U937_BR1_VD3,2,/GWD/bioinfo/projects/RD-Epigenetics-NetworkData/otar_020/GSK/atac-seq/project_2/bigwig/U937_VD3_ATAC_ATAC-seq_P2MonocyteMacrophage87_ATAC_P2MonocyteMacrophage87_bwa_samse_BR1TR1_edited.bw,/GWD/bioinfo/projects/RD-Epigenetics-NetworkData/otar_020/GSK/atac-seq/project_2/bam/U937_VD3_ATAC_ATAC-seq_P2MonocyteMacrophage87_ATAC_P2MonocyteMacrophage87_bwa_samse_BR1TR1_edited.bam
U937,"Pleura/pleural effusion, lymphocyte, Myeloid",monocyte,NA,ATAC,BR2,VD3,U937_BR2_VD3,2,/GWD/bioinfo/projects/RD-Epigenetics-NetworkData/otar_020/GSK/atac-seq/project_2/bigwig/U937_VD3_ATAC_ATAC-seq_P2MonocyteMacrophage87_ATAC_P2MonocyteMacrophage87_bwa_samse_BR2TR1_edited.bw,/GWD/bioinfo/projects/RD-Epigenetics-NetworkData/otar_020/GSK/atac-seq/project_2/bam/U937_VD3_ATAC_ATAC-seq_P2MonocyteMacrophage87_ATAC_P2MonocyteMacrophage87_bwa_samse_BR2TR1_edited.bam
U937,"Pleura/pleural effusion, lymphocyte, Myeloid",monocyte,NA,ATAC,BR1,VD3+LPS,U937_BR1_VD3+LPS,2,/GWD/bioinfo/projects/RD-Epigenetics-NetworkData/otar_020/GSK/atac-seq/project_2/bigwig/U937_VD3_LPS_ATAC_ATAC-seq_P2MonocyteMacrophage87_ATAC_P2MonocyteMacrophage87_bwa_samse_BR1TR1_edited.bw,/GWD/bioinfo/projects/RD-Epigenetics-NetworkData/otar_020/GSK/atac-seq/project_2/bam/U937_VD3_LPS_ATAC_ATAC-seq_P2MonocyteMacrophage87_ATAC_P2MonocyteMacrophage87_bwa_samse_BR1TR1_edited.bam
U937,"Pleura/pleural effusion, lymphocyte, Myeloid",monocyte,NA,ATAC,BR2,VD3+LPS,U937_BR2_VD3+LPS,2,/GWD/bioinfo/projects/RD-Epigenetics-NetworkData/otar_020/GSK/atac-seq/project_2/bigwig/U937_VD3_LPS_ATAC_ATAC-seq_P2MonocyteMacrophage87_ATAC_P2MonocyteMacrophage87_bwa_samse_BR2TR1_edited.bw,/GWD/bioinfo/projects/RD-Epigenetics-NetworkData/otar_020/GSK/atac-seq/project_2/bam/U937_VD3_LPS_ATAC_ATAC-seq_P2MonocyteMacrophage87_ATAC_P2MonocyteMacrophage87_bwa_samse_BR2TR1_edited.bam
F36P,Bone Marrow,Non-lymphoid,Unknown,ATAC,BR1,Baseline,F36P_BR1_Baseline,1,/GWD/bioinfo/projects/RD-Epigenetics-NetworkData/otar_020/GSK/atac-seq/project_1/bigwig/F36P_ATAC_ATAC-seq_P1Erythroidcelltypes87_ATAC_P1Erythroidcelltypes87_bwa_samse_BR1TR1_edited.bw,NA
F36P,Bone Marrow,Non-lymphoid,Unknown,ATAC,BR2,Baseline,F36P_BR2_Baseline,1,/GWD/bioinfo/projects/RD-Epigenetics-NetworkData/otar_020/GSK/atac-seq/project_1/bigwig/F36P_ATAC_ATAC-seq_P1Erythroidcelltypes87_ATAC_P1Erythroidcelltypes87_bwa_samse_BR2TR1_edited.bw,NA
HEL9217,Bone Marrow,lymphoblast,erythroblast,ATAC,BR1,Baseline,HEL9217_BR1_Baseline,1,/GWD/bioinfo/projects/RD-Epigenetics-NetworkData/otar_020/GSK/atac-seq/project_1/bigwig/HEL9217_ATAC_ATAC-seq_P1Erythroidcelltypes87_ATAC_P1Erythroidcelltypes87_bwa_samse_BR1TR1_edited.bw,NA
HEL9217,Bone Marrow,lymphoblast,erythroblast,ATAC,BR2,Baseline,HEL9217_BR2_Baseline,1,/GWD/bioinfo/projects/RD-Epigenetics-NetworkData/otar_020/GSK/atac-seq/project_1/bigwig/HEL9217_ATAC_ATAC-seq_P1Erythroidcelltypes87_ATAC_P1Erythroidcelltypes87_bwa_samse_BR2TR1_edited.bw,NA
K562,Bone Marrow,lymphoblast,Unknown,ATAC,BR1,Baseline,K562_BR1_Baseline,1,/GWD/bioinfo/projects/RD-Epigenetics-NetworkData/otar_020/GSK/atac-seq/project_1/bigwig/K562_ATAC_ATAC-seq_P1Erythroidcelltypes87_ATAC_P1Erythroidcelltypes87_bwa_samse_BR1TR1_edited.bw,NA
K562,Bone Marrow,lymphoblast,Unknown,ATAC,BR2,Baseline,K562_BR2_Baseline,1,/GWD/bioinfo/projects/RD-Epigenetics-NetworkData/otar_020/GSK/atac-seq/project_1/bigwig/K562_ATAC_ATAC-seq_P1Erythroidcelltypes87_ATAC_P1Erythroidcelltypes87_bwa_samse_BR2TR1_edited.bw,NA
MEG01,Bone Marrow,lymphoblast,megakaryoblast,ATAC,BR1,Baseline,MEG01_BR1_Baseline,1,/GWD/bioinfo/projects/RD-Epigenetics-NetworkData/otar_020/GSK/atac-seq/project_1/bigwig/Meg01_ATAC_ATAC-seq_P1Erythroidcelltypes87_ATAC_P1Erythroidcelltypes87_bwa_samse_BR1TR1_edited.bw,NA
MEG01,Bone Marrow,lymphoblast,megakaryoblast,ATAC,BR2,Baseline,MEG01_BR2_Baseline,1,/GWD/bioinfo/projects/RD-Epigenetics-NetworkData/otar_020/GSK/atac-seq/project_1/bigwig/Meg01_ATAC_ATAC-seq_P1Erythroidcelltypes87_ATAC_P1Erythroidcelltypes87_bwa_samse_BR2TR1_edited.bw,NA
UT7,Bone Marrow,Unknown,Unknown,ATAC,BR1,Baseline,UT7_BR1_Baseline,1,/GWD/bioinfo/projects/RD-Epigenetics-NetworkData/otar_020/GSK/atac-seq/project_1/bigwig/UT7_ATAC_ATAC-seq_P1Erythroidcelltypes87_ATAC_P1Erythroidcelltypes87_bwa_samse_BR1TR1_edited.bw,NA
UT7,Bone Marrow,Unknown,Unknown,ATAC,BR2,Baseline,UT7_BR2_Baseline,1,/GWD/bioinfo/projects/RD-Epigenetics-NetworkData/otar_020/GSK/atac-seq/project_1/bigwig/UT7_ATAC_ATAC-seq_P1Erythroidcelltypes87_ATAC_P1Erythroidcelltypes87_bwa_samse_BR2TR1_edited.bw,NA
